2       , nan         , array([ 0.565805   ,  0.452207   ])
[0.56523901 0.45220738]
4       , nan         , array([ 0.565239   ,  0.544132   ])
6       , nan         , array([ 0.565239   ,  0.544676   ])
[0.56523901 0.54413209]
8       , nan         , array([ 0.565805   ,  0.0101731  ])
[0.56523901 0.01017307]
10      , nan         , array([ 0.565239   ,  0.337303   ])
12      , nan         , array([ 0.565239   ,  0.337641   ])
[0.56523901 0.33730314]
14      , nan         , array([ 0.565805   ,  0.978126   ])
[0.56523901 0.97812573]
16      , nan         , array([ 0.565239   ,  0.210718   ])
18      , nan         , array([ 0.565239   ,  0.210929   ])
[0.56523901 0.21071832]
20      , nan         , array([ 0.565805   ,  0.403223   ])
[0.56523901 0.40322277]
22      , nan         , array([ 0.565239   ,  0.387429   ])
24      , nan         , array([ 0.565239   ,  0.387817   ])
[0.56523901 0.38742899]
26      , nan         , array([ 0.565805   ,  0.0694226  ])
[0.56523901 0.06942261]
28      , nan         , array([ 0.565239   ,  0.165979   ])
30      , nan         , array([ 0.565239   ,  0.166145   ])
[0.56523901 0.16597944]
32      , nan         , array([ 0.565805   ,  0.238732   ])
[0.56523901 0.23873215]
34      , nan         , array([ 0.565239   ,  0.0365302  ])
36      , nan         , array([ 0.565239   ,  0.0365668  ])
[0.56523901 0.03653023]
38      , nan         , array([ 0.565805   ,  0.36497    ])
[0.56523901 0.36496964]
40      , nan         , array([ 0.565239   ,  0.340475   ])
42      , nan         , array([ 0.565239   ,  0.340815   ])
[0.56523901 0.34047458]
44      , nan         , array([ 0.565805   ,  0.370767   ])
[0.56523901 0.3707672 ]
46      , nan         , array([ 0.565239   ,  0.633507   ])
48      , nan         , array([ 0.565239   ,  0.634141   ])
[0.56523901 0.63350728]
50      , nan         , array([ 0.565805   ,  0.0265615  ])
[0.56523901 0.02656145]
52      , nan         , array([ 0.565239   ,  0.487682   ])
54      , nan         , array([ 0.565239   ,  0.48817    ])
[0.56523901 0.48768212]
56      , nan         , array([ 0.565805   ,  0.612314   ])
[0.56523901 0.61231438]
58      , nan         , array([ 0.565239   ,  0.00963098 ])
60      , nan         , array([ 0.565239   ,  0.00964062 ])
[0.56523901 0.00963098]
62      , nan         , array([ 0.565805   ,  0.475937   ])
[0.56523901 0.47593704]
64      , nan         , array([ 0.565239   ,  0.872783   ])
66      , nan         , array([ 0.565239   ,  0.873656   ])
[0.56523901 0.87278327]
68      , nan         , array([ 0.565805   ,  0.875888   ])
[0.56523901 0.87588821]
70      , nan         , array([ 0.565239   ,  0.403049   ])
72      , nan         , array([ 0.565239   ,  0.403452   ])
[0.56523901 0.40304921]
74      , nan         , array([ 0.565805   ,  0.507223   ])
[0.56523901 0.50722304]
76      , nan         , array([ 0.342784   ,  0.452207   ])
78      , nan         , array([ 0.342784   ,  0.45266    ])
[0.34278422 0.45220738]
80      , nan         , array([ 0.343127   ,  0.544132   ])
[0.34278422 0.54413209]
82      , nan         , array([ 0.342784   ,  0.0101731  ])
84      , nan         , array([ 0.342784   ,  0.0101832  ])
[0.34278422 0.01017307]
86      , nan         , array([ 0.343127   ,  0.337303   ])
[0.34278422 0.33730314]
88      , nan         , array([ 0.342784   ,  0.978126   ])
90      , nan         , array([ 0.342784   ,  0.979104   ])
[0.34278422 0.97812573]
92      , nan         , array([ 0.343127   ,  0.210718   ])
[0.34278422 0.21071832]
94      , nan         , array([ 0.342784   ,  0.403223   ])
96      , nan         , array([ 0.342784   ,  0.403626   ])
[0.34278422 0.40322277]
98      , nan         , array([ 0.343127   ,  0.387429   ])
[0.34278422 0.38742899]
100     , nan         , array([ 0.342784   ,  0.0694226  ])
102     , nan         , array([ 0.342784   ,  0.0694921  ])
[0.34278422 0.06942261]
104     , nan         , array([ 0.343127   ,  0.165979   ])
[0.34278422 0.16597944]
106     , nan         , array([ 0.342784   ,  0.238732   ])
108     , nan         , array([ 0.342784   ,  0.238971   ])
[0.34278422 0.23873215]
110     , nan         , array([ 0.343127   ,  0.0365302  ])
[0.34278422 0.03653023]
112     , nan         , array([ 0.342784   ,  0.36497    ])
114     , nan         , array([ 0.342784   ,  0.365335   ])
[0.34278422 0.36496964]
116     , nan         , array([ 0.343127   ,  0.340475   ])
[0.34278422 0.34047458]
118     , nan         , array([ 0.342784   ,  0.370767   ])
120     , nan         , array([ 0.342784   ,  0.371138   ])
[0.34278422 0.3707672 ]
122     , nan         , array([ 0.343127   ,  0.633507   ])
[0.34278422 0.63350728]
124     , nan         , array([ 0.342784   ,  0.0265615  ])
126     , nan         , array([ 0.342784   ,  0.026588   ])
[0.34278422 0.02656145]
128     , nan         , array([ 0.343127   ,  0.487682   ])
[0.34278422 0.48768212]
130     , nan         , array([ 0.342784   ,  0.612314   ])
132     , nan         , array([ 0.342784   ,  0.612927   ])
[0.34278422 0.61231438]
134     , nan         , array([ 0.343127   ,  0.00963098 ])
[0.34278422 0.00963098]
136     , nan         , array([ 0.342784   ,  0.475937   ])
138     , nan         , array([ 0.342784   ,  0.476413   ])
[0.34278422 0.47593704]
140     , nan         , array([ 0.343127   ,  0.872783   ])
[0.34278422 0.87278327]
142     , nan         , array([ 0.342784   ,  0.875888   ])
144     , nan         , array([ 0.342784   ,  0.876765   ])
[0.34278422 0.87588821]
146     , nan         , array([ 0.343127   ,  0.403049   ])
[0.34278422 0.40304921]
148     , nan         , array([ 0.342784   ,  0.507223   ])
150     , nan         , array([ 0.342784   ,  0.507731   ])
[0.34278422 0.50722304]
152     , nan         , array([ 0.0763944  ,  0.452207   ])
[0.07631809 0.45220738]
154     , nan         , array([ 0.0763181  ,  0.544132   ])
156     , nan         , array([ 0.0763181  ,  0.544676   ])
[0.07631809 0.54413209]
158     , nan         , array([ 0.0763944  ,  0.0101731  ])
[0.07631809 0.01017307]
160     , nan         , array([ 0.0763181  ,  0.337303   ])
162     , nan         , array([ 0.0763181  ,  0.337641   ])
[0.07631809 0.33730314]
164     , nan         , array([ 0.0763944  ,  0.978126   ])
[0.07631809 0.97812573]
166     , nan         , array([ 0.0763181  ,  0.210718   ])
168     , nan         , array([ 0.0763181  ,  0.210929   ])
[0.07631809 0.21071832]
170     , nan         , array([ 0.0763944  ,  0.403223   ])
[0.07631809 0.40322277]
172     , nan         , array([ 0.0763181  ,  0.387429   ])
174     , nan         , array([ 0.0763181  ,  0.387817   ])
[0.07631809 0.38742899]
176     , nan         , array([ 0.0763944  ,  0.0694226  ])
[0.07631809 0.06942261]
178     , nan         , array([ 0.0763181  ,  0.165979   ])
180     , nan         , array([ 0.0763181  ,  0.166145   ])
[0.07631809 0.16597944]
182     , nan         , array([ 0.0763944  ,  0.238732   ])
[0.07631809 0.23873215]
184     , nan         , array([ 0.0763181  ,  0.0365302  ])
186     , nan         , array([ 0.0763181  ,  0.0365668  ])
[0.07631809 0.03653023]
188     , nan         , array([ 0.0763944  ,  0.36497    ])
[0.07631809 0.36496964]
190     , nan         , array([ 0.0763181  ,  0.340475   ])
192     , nan         , array([ 0.0763181  ,  0.340815   ])
[0.07631809 0.34047458]
194     , nan         , array([ 0.0763944  ,  0.370767   ])
[0.07631809 0.3707672 ]
196     , nan         , array([ 0.0763181  ,  0.633507   ])
198     , nan         , array([ 0.0763181  ,  0.634141   ])
[0.07631809 0.63350728]
200     , nan         , array([ 0.0763944  ,  0.0265615  ])
[0.07631809 0.02656145]
202     , nan         , array([ 0.0763181  ,  0.487682   ])
204     , nan         , array([ 0.0763181  ,  0.48817    ])
[0.07631809 0.48768212]
206     , nan         , array([ 0.0763944  ,  0.612314   ])
[0.07631809 0.61231438]
208     , nan         , array([ 0.0763181  ,  0.00963098 ])
210     , nan         , array([ 0.0763181  ,  0.00964062 ])
[0.07631809 0.00963098]
212     , nan         , array([ 0.0763944  ,  0.475937   ])
[0.07631809 0.47593704]
214     , nan         , array([ 0.0763181  ,  0.872783   ])
216     , nan         , array([ 0.0763181  ,  0.873656   ])
[0.07631809 0.87278327]
218     , nan         , array([ 0.0763944  ,  0.875888   ])
[0.07631809 0.87588821]
220     , nan         , array([ 0.0763181  ,  0.403049   ])
222     , nan         , array([ 0.0763181  ,  0.403452   ])
[0.07631809 0.40304921]
224     , nan         , array([ 0.0763944  ,  0.507223   ])
[0.07631809 0.50722304]
226     , nan         , array([ 0.902196   ,  0.452207   ])
228     , nan         , array([ 0.902196   ,  0.45266    ])
[0.90219647 0.45220738]
230     , nan         , array([ 0.903099   ,  0.544132   ])
[0.90219647 0.54413209]
232     , nan         , array([ 0.902196   ,  0.0101731  ])
234     , nan         , array([ 0.902196   ,  0.0101832  ])
[0.90219647 0.01017307]
236     , nan         , array([ 0.903099   ,  0.337303   ])
[0.90219647 0.33730314]
238     , nan         , array([ 0.902196   ,  0.978126   ])
240     , nan         , array([ 0.902196   ,  0.979104   ])
[0.90219647 0.97812573]
242     , nan         , array([ 0.903099   ,  0.210718   ])
[0.90219647 0.21071832]
244     , nan         , array([ 0.902196   ,  0.403223   ])
246     , nan         , array([ 0.902196   ,  0.403626   ])
[0.90219647 0.40322277]
248     , nan         , array([ 0.903099   ,  0.387429   ])
[0.90219647 0.38742899]
250     , nan         , array([ 0.902196   ,  0.0694226  ])
252     , nan         , array([ 0.902196   ,  0.0694921  ])
[0.90219647 0.06942261]
254     , nan         , array([ 0.903099   ,  0.165979   ])
[0.90219647 0.16597944]
256     , nan         , array([ 0.902196   ,  0.238732   ])
258     , nan         , array([ 0.902196   ,  0.238971   ])
[0.90219647 0.23873215]
260     , nan         , array([ 0.903099   ,  0.0365302  ])
[0.90219647 0.03653023]
262     , nan         , array([ 0.902196   ,  0.36497    ])
264     , nan         , array([ 0.902196   ,  0.365335   ])
[0.90219647 0.36496964]
266     , nan         , array([ 0.903099   ,  0.340475   ])
[0.90219647 0.34047458]
268     , nan         , array([ 0.902196   ,  0.370767   ])
270     , nan         , array([ 0.902196   ,  0.371138   ])
[0.90219647 0.3707672 ]
272     , nan         , array([ 0.903099   ,  0.633507   ])
[0.90219647 0.63350728]
274     , nan         , array([ 0.902196   ,  0.0265615  ])
276     , nan         , array([ 0.902196   ,  0.026588   ])
[0.90219647 0.02656145]
278     , nan         , array([ 0.903099   ,  0.487682   ])
[0.90219647 0.48768212]
280     , nan         , array([ 0.902196   ,  0.612314   ])
282     , nan         , array([ 0.902196   ,  0.612927   ])
[0.90219647 0.61231438]
284     , nan         , array([ 0.903099   ,  0.00963098 ])
[0.90219647 0.00963098]
286     , nan         , array([ 0.902196   ,  0.475937   ])
288     , nan         , array([ 0.902196   ,  0.476413   ])
[0.90219647 0.47593704]
290     , nan         , array([ 0.903099   ,  0.872783   ])
[0.90219647 0.87278327]
292     , nan         , array([ 0.902196   ,  0.875888   ])
294     , nan         , array([ 0.902196   ,  0.876765   ])
[0.90219647 0.87588821]
296     , nan         , array([ 0.903099   ,  0.403049   ])
[0.90219647 0.40304921]
298     , nan         , array([ 0.902196   ,  0.507223   ])
300     , nan         , array([ 0.902196   ,  0.507731   ])
[0.90219647 0.50722304]
302     , nan         , array([ 0.123734   ,  0.452207   ])
[0.12361033 0.45220738]
304     , nan         , array([ 0.12361    ,  0.544132   ])
306     , nan         , array([ 0.12361    ,  0.544676   ])
[0.12361033 0.54413209]
308     , nan         , array([ 0.123734   ,  0.0101731  ])
[0.12361033 0.01017307]
310     , nan         , array([ 0.12361    ,  0.337303   ])
312     , nan         , array([ 0.12361    ,  0.337641   ])
[0.12361033 0.33730314]
314     , nan         , array([ 0.123734   ,  0.978126   ])
[0.12361033 0.97812573]
316     , nan         , array([ 0.12361    ,  0.210718   ])
318     , nan         , array([ 0.12361    ,  0.210929   ])
[0.12361033 0.21071832]
320     , nan         , array([ 0.123734   ,  0.403223   ])
[0.12361033 0.40322277]
322     , nan         , array([ 0.12361    ,  0.387429   ])
324     , nan         , array([ 0.12361    ,  0.387817   ])
[0.12361033 0.38742899]
326     , nan         , array([ 0.123734   ,  0.0694226  ])
[0.12361033 0.06942261]
328     , nan         , array([ 0.12361    ,  0.165979   ])
330     , nan         , array([ 0.12361    ,  0.166145   ])
[0.12361033 0.16597944]
332     , nan         , array([ 0.123734   ,  0.238732   ])
[0.12361033 0.23873215]
334     , nan         , array([ 0.12361    ,  0.0365302  ])
336     , nan         , array([ 0.12361    ,  0.0365668  ])
[0.12361033 0.03653023]
338     , nan         , array([ 0.123734   ,  0.36497    ])
[0.12361033 0.36496964]
340     , nan         , array([ 0.12361    ,  0.340475   ])
342     , nan         , array([ 0.12361    ,  0.340815   ])
[0.12361033 0.34047458]
344     , nan         , array([ 0.123734   ,  0.370767   ])
[0.12361033 0.3707672 ]
346     , nan         , array([ 0.12361    ,  0.633507   ])
348     , nan         , array([ 0.12361    ,  0.634141   ])
[0.12361033 0.63350728]
350     , nan         , array([ 0.123734   ,  0.0265615  ])
[0.12361033 0.02656145]
352     , nan         , array([ 0.12361    ,  0.487682   ])
354     , nan         , array([ 0.12361    ,  0.48817    ])
[0.12361033 0.48768212]
356     , nan         , array([ 0.123734   ,  0.612314   ])
[0.12361033 0.61231438]
358     , nan         , array([ 0.12361    ,  0.00963098 ])
360     , nan         , array([ 0.12361    ,  0.00964062 ])
[0.12361033 0.00963098]
362     , nan         , array([ 0.123734   ,  0.475937   ])
[0.12361033 0.47593704]
364     , nan         , array([ 0.12361    ,  0.872783   ])
366     , nan         , array([ 0.12361    ,  0.873656   ])
[0.12361033 0.87278327]
368     , nan         , array([ 0.123734   ,  0.875888   ])
[0.12361033 0.87588821]
370     , nan         , array([ 0.12361    ,  0.403049   ])
372     , nan         , array([ 0.12361    ,  0.403452   ])
[0.12361033 0.40304921]
374     , nan         , array([ 0.123734   ,  0.507223   ])
[0.12361033 0.50722304]
376     , nan         , array([ 0.977473   ,  0.452207   ])
378     , nan         , array([ 0.977473   ,  0.45266    ])
[0.97747316 0.45220738]
380     , nan         , array([ 0.978451   ,  0.544132   ])
[0.97747316 0.54413209]
382     , nan         , array([ 0.977473   ,  0.0101731  ])
384     , nan         , array([ 0.977473   ,  0.0101832  ])
[0.97747316 0.01017307]
386     , nan         , array([ 0.978451   ,  0.337303   ])
[0.97747316 0.33730314]
388     , nan         , array([ 0.977473   ,  0.978126   ])
390     , nan         , array([ 0.977473   ,  0.979104   ])
[0.97747316 0.97812573]
392     , nan         , array([ 0.978451   ,  0.210718   ])
[0.97747316 0.21071832]
394     , nan         , array([ 0.977473   ,  0.403223   ])
396     , nan         , array([ 0.977473   ,  0.403626   ])
[0.97747316 0.40322277]
398     , nan         , array([ 0.978451   ,  0.387429   ])
[0.97747316 0.38742899]
400     , nan         , array([ 0.977473   ,  0.0694226  ])
402     , nan         , array([ 0.977473   ,  0.0694921  ])
[0.97747316 0.06942261]
404     , nan         , array([ 0.978451   ,  0.165979   ])
[0.97747316 0.16597944]
406     , nan         , array([ 0.977473   ,  0.238732   ])
408     , nan         , array([ 0.977473   ,  0.238971   ])
[0.97747316 0.23873215]
410     , nan         , array([ 0.978451   ,  0.0365302  ])
[0.97747316 0.03653023]
412     , nan         , array([ 0.977473   ,  0.36497    ])
414     , nan         , array([ 0.977473   ,  0.365335   ])
[0.97747316 0.36496964]
416     , nan         , array([ 0.978451   ,  0.340475   ])
[0.97747316 0.34047458]
418     , nan         , array([ 0.977473   ,  0.370767   ])
420     , nan         , array([ 0.977473   ,  0.371138   ])
[0.97747316 0.3707672 ]
422     , nan         , array([ 0.978451   ,  0.633507   ])
[0.97747316 0.63350728]
424     , nan         , array([ 0.977473   ,  0.0265615  ])
426     , nan         , array([ 0.977473   ,  0.026588   ])
[0.97747316 0.02656145]
428     , nan         , array([ 0.978451   ,  0.487682   ])
[0.97747316 0.48768212]
430     , nan         , array([ 0.977473   ,  0.612314   ])
432     , nan         , array([ 0.977473   ,  0.612927   ])
[0.97747316 0.61231438]
434     , nan         , array([ 0.978451   ,  0.00963098 ])
[0.97747316 0.00963098]
436     , nan         , array([ 0.977473   ,  0.475937   ])
438     , nan         , array([ 0.977473   ,  0.476413   ])
[0.97747316 0.47593704]
440     , nan         , array([ 0.978451   ,  0.872783   ])
[0.97747316 0.87278327]
442     , nan         , array([ 0.977473   ,  0.875888   ])
444     , nan         , array([ 0.977473   ,  0.876765   ])
[0.97747316 0.87588821]
446     , nan         , array([ 0.978451   ,  0.403049   ])
[0.97747316 0.40304921]
448     , nan         , array([ 0.977473   ,  0.507223   ])
450     , nan         , array([ 0.977473   ,  0.507731   ])
[0.97747316 0.50722304]
452     , nan         , array([ 0.374135   ,  0.452207   ])
[0.37376115 0.45220738]
454     , nan         , array([ 0.373761   ,  0.544132   ])
456     , nan         , array([ 0.373761   ,  0.544676   ])
[0.37376115 0.54413209]
458     , nan         , array([ 0.374135   ,  0.0101731  ])
[0.37376115 0.01017307]
460     , nan         , array([ 0.373761   ,  0.337303   ])
462     , nan         , array([ 0.373761   ,  0.337641   ])
[0.37376115 0.33730314]
464     , nan         , array([ 0.374135   ,  0.978126   ])
[0.37376115 0.97812573]
466     , nan         , array([ 0.373761   ,  0.210718   ])
468     , nan         , array([ 0.373761   ,  0.210929   ])
[0.37376115 0.21071832]
470     , nan         , array([ 0.374135   ,  0.403223   ])
[0.37376115 0.40322277]
472     , nan         , array([ 0.373761   ,  0.387429   ])
474     , nan         , array([ 0.373761   ,  0.387817   ])
[0.37376115 0.38742899]
476     , nan         , array([ 0.374135   ,  0.0694226  ])
[0.37376115 0.06942261]
478     , nan         , array([ 0.373761   ,  0.165979   ])
480     , nan         , array([ 0.373761   ,  0.166145   ])
[0.37376115 0.16597944]
482     , nan         , array([ 0.374135   ,  0.238732   ])
[0.37376115 0.23873215]
484     , nan         , array([ 0.373761   ,  0.0365302  ])
486     , nan         , array([ 0.373761   ,  0.0365668  ])
[0.37376115 0.03653023]
488     , nan         , array([ 0.374135   ,  0.36497    ])
[0.37376115 0.36496964]
490     , nan         , array([ 0.373761   ,  0.340475   ])
492     , nan         , array([ 0.373761   ,  0.340815   ])
[0.37376115 0.34047458]
494     , nan         , array([ 0.374135   ,  0.370767   ])
[0.37376115 0.3707672 ]
496     , nan         , array([ 0.373761   ,  0.633507   ])
498     , nan         , array([ 0.373761   ,  0.634141   ])
[0.37376115 0.63350728]
500     , nan         , array([ 0.374135   ,  0.0265615  ])
[0.37376115 0.02656145]
502     , nan         , array([ 0.373761   ,  0.487682   ])
504     , nan         , array([ 0.373761   ,  0.48817    ])
[0.37376115 0.48768212]
506     , nan         , array([ 0.374135   ,  0.612314   ])
[0.37376115 0.61231438]
508     , nan         , array([ 0.373761   ,  0.00963098 ])
510     , nan         , array([ 0.373761   ,  0.00964062 ])
[0.37376115 0.00963098]
512     , nan         , array([ 0.374135   ,  0.475937   ])
[0.37376115 0.47593704]
514     , nan         , array([ 0.373761   ,  0.872783   ])
516     , nan         , array([ 0.373761   ,  0.873656   ])
[0.37376115 0.87278327]
518     , nan         , array([ 0.374135   ,  0.875888   ])
[0.37376115 0.87588821]
520     , nan         , array([ 0.373761   ,  0.403049   ])
522     , nan         , array([ 0.373761   ,  0.403452   ])
[0.37376115 0.40304921]
524     , nan         , array([ 0.374135   ,  0.507223   ])
[0.37376115 0.50722304]
526     , nan         , array([ 0.325098   ,  0.452207   ])
528     , nan         , array([ 0.325098   ,  0.45266    ])
[0.32509762 0.45220738]
530     , nan         , array([ 0.325423   ,  0.544132   ])
[0.32509762 0.54413209]
532     , nan         , array([ 0.325098   ,  0.0101731  ])
534     , nan         , array([ 0.325098   ,  0.0101832  ])
[0.32509762 0.01017307]
536     , nan         , array([ 0.325423   ,  0.337303   ])
[0.32509762 0.33730314]
538     , nan         , array([ 0.325098   ,  0.978126   ])
540     , nan         , array([ 0.325098   ,  0.979104   ])
[0.32509762 0.97812573]
542     , nan         , array([ 0.325423   ,  0.210718   ])
[0.32509762 0.21071832]
544     , nan         , array([ 0.325098   ,  0.403223   ])
546     , nan         , array([ 0.325098   ,  0.403626   ])
[0.32509762 0.40322277]
548     , nan         , array([ 0.325423   ,  0.387429   ])
[0.32509762 0.38742899]
550     , nan         , array([ 0.325098   ,  0.0694226  ])
552     , nan         , array([ 0.325098   ,  0.0694921  ])
[0.32509762 0.06942261]
554     , nan         , array([ 0.325423   ,  0.165979   ])
[0.32509762 0.16597944]
556     , nan         , array([ 0.325098   ,  0.238732   ])
558     , nan         , array([ 0.325098   ,  0.238971   ])
[0.32509762 0.23873215]
560     , nan         , array([ 0.325423   ,  0.0365302  ])
[0.32509762 0.03653023]
562     , nan         , array([ 0.325098   ,  0.36497    ])
564     , nan         , array([ 0.325098   ,  0.365335   ])
[0.32509762 0.36496964]
566     , nan         , array([ 0.325423   ,  0.340475   ])
[0.32509762 0.34047458]
568     , nan         , array([ 0.325098   ,  0.370767   ])
570     , nan         , array([ 0.325098   ,  0.371138   ])
[0.32509762 0.3707672 ]
572     , nan         , array([ 0.325423   ,  0.633507   ])
[0.32509762 0.63350728]
574     , nan         , array([ 0.325098   ,  0.0265615  ])
576     , nan         , array([ 0.325098   ,  0.026588   ])
[0.32509762 0.02656145]
578     , nan         , array([ 0.325423   ,  0.487682   ])
[0.32509762 0.48768212]
580     , nan         , array([ 0.325098   ,  0.612314   ])
582     , nan         , array([ 0.325098   ,  0.612927   ])
[0.32509762 0.61231438]
584     , nan         , array([ 0.325423   ,  0.00963098 ])
[0.32509762 0.00963098]
586     , nan         , array([ 0.325098   ,  0.475937   ])
588     , nan         , array([ 0.325098   ,  0.476413   ])
[0.32509762 0.47593704]
590     , nan         , array([ 0.325423   ,  0.872783   ])
[0.32509762 0.87278327]
592     , nan         , array([ 0.325098   ,  0.875888   ])
594     , nan         , array([ 0.325098   ,  0.876765   ])
[0.32509762 0.87588821]
596     , nan         , array([ 0.325423   ,  0.403049   ])
[0.32509762 0.40304921]
598     , nan         , array([ 0.325098   ,  0.507223   ])
600     , nan         , array([ 0.325098   ,  0.507731   ])
[0.32509762 0.50722304]
602     , nan         , array([ 0.163597   ,  0.452207   ])
[0.16343351 0.45220738]
604     , nan         , array([ 0.163434   ,  0.544132   ])
606     , nan         , array([ 0.163434   ,  0.544676   ])
[0.16343351 0.54413209]
608     , nan         , array([ 0.163597   ,  0.0101731  ])
[0.16343351 0.01017307]
610     , nan         , array([ 0.163434   ,  0.337303   ])
612     , nan         , array([ 0.163434   ,  0.337641   ])
[0.16343351 0.33730314]
614     , nan         , array([ 0.163597   ,  0.978126   ])
[0.16343351 0.97812573]
616     , nan         , array([ 0.163434   ,  0.210718   ])
618     , nan         , array([ 0.163434   ,  0.210929   ])
[0.16343351 0.21071832]
620     , nan         , array([ 0.163597   ,  0.403223   ])
[0.16343351 0.40322277]
622     , nan         , array([ 0.163434   ,  0.387429   ])
624     , nan         , array([ 0.163434   ,  0.387817   ])
[0.16343351 0.38742899]
626     , nan         , array([ 0.163597   ,  0.0694226  ])
[0.16343351 0.06942261]
628     , nan         , array([ 0.163434   ,  0.165979   ])
630     , nan         , array([ 0.163434   ,  0.166145   ])
[0.16343351 0.16597944]
632     , nan         , array([ 0.163597   ,  0.238732   ])
[0.16343351 0.23873215]
634     , nan         , array([ 0.163434   ,  0.0365302  ])
636     , nan         , array([ 0.163434   ,  0.0365668  ])
[0.16343351 0.03653023]
638     , nan         , array([ 0.163597   ,  0.36497    ])
[0.16343351 0.36496964]
640     , nan         , array([ 0.163434   ,  0.340475   ])
642     , nan         , array([ 0.163434   ,  0.340815   ])
[0.16343351 0.34047458]
644     , nan         , array([ 0.163597   ,  0.370767   ])
[0.16343351 0.3707672 ]
646     , nan         , array([ 0.163434   ,  0.633507   ])
648     , nan         , array([ 0.163434   ,  0.634141   ])
[0.16343351 0.63350728]
650     , nan         , array([ 0.163597   ,  0.0265615  ])
[0.16343351 0.02656145]
652     , nan         , array([ 0.163434   ,  0.487682   ])
654     , nan         , array([ 0.163434   ,  0.48817    ])
[0.16343351 0.48768212]
656     , nan         , array([ 0.163597   ,  0.612314   ])
[0.16343351 0.61231438]
658     , nan         , array([ 0.163434   ,  0.00963098 ])
660     , nan         , array([ 0.163434   ,  0.00964062 ])
[0.16343351 0.00963098]
662     , nan         , array([ 0.163597   ,  0.475937   ])
[0.16343351 0.47593704]
664     , nan         , array([ 0.163434   ,  0.872783   ])
666     , nan         , array([ 0.163434   ,  0.873656   ])
[0.16343351 0.87278327]
668     , nan         , array([ 0.163597   ,  0.875888   ])
[0.16343351 0.87588821]
670     , nan         , array([ 0.163434   ,  0.403049   ])
672     , nan         , array([ 0.163434   ,  0.403452   ])
[0.16343351 0.40304921]
674     , nan         , array([ 0.163597   ,  0.507223   ])
[0.16343351 0.50722304]
676     , nan         , array([ 0.439726   ,  0.452207   ])
678     , nan         , array([ 0.439726   ,  0.45266    ])
[0.43972619 0.45220738]
680     , nan         , array([ 0.440166   ,  0.544132   ])
[0.43972619 0.54413209]
682     , nan         , array([ 0.439726   ,  0.0101731  ])
684     , nan         , array([ 0.439726   ,  0.0101832  ])
[0.43972619 0.01017307]
686     , nan         , array([ 0.440166   ,  0.337303   ])
[0.43972619 0.33730314]
688     , nan         , array([ 0.439726   ,  0.978126   ])
690     , nan         , array([ 0.439726   ,  0.979104   ])
[0.43972619 0.97812573]
692     , nan         , array([ 0.440166   ,  0.210718   ])
[0.43972619 0.21071832]
694     , nan         , array([ 0.439726   ,  0.403223   ])
696     , nan         , array([ 0.439726   ,  0.403626   ])
[0.43972619 0.40322277]
698     , nan         , array([ 0.440166   ,  0.387429   ])
[0.43972619 0.38742899]
700     , nan         , array([ 0.439726   ,  0.0694226  ])
702     , nan         , array([ 0.439726   ,  0.0694921  ])
[0.43972619 0.06942261]
704     , nan         , array([ 0.440166   ,  0.165979   ])
[0.43972619 0.16597944]
706     , nan         , array([ 0.439726   ,  0.238732   ])
708     , nan         , array([ 0.439726   ,  0.238971   ])
[0.43972619 0.23873215]
710     , nan         , array([ 0.440166   ,  0.0365302  ])
[0.43972619 0.03653023]
712     , nan         , array([ 0.439726   ,  0.36497    ])
714     , nan         , array([ 0.439726   ,  0.365335   ])
[0.43972619 0.36496964]
716     , nan         , array([ 0.440166   ,  0.340475   ])
[0.43972619 0.34047458]
718     , nan         , array([ 0.439726   ,  0.370767   ])
720     , nan         , array([ 0.439726   ,  0.371138   ])
[0.43972619 0.3707672 ]
722     , nan         , array([ 0.440166   ,  0.633507   ])
[0.43972619 0.63350728]
724     , nan         , array([ 0.439726   ,  0.0265615  ])
726     , nan         , array([ 0.439726   ,  0.026588   ])
[0.43972619 0.02656145]
728     , nan         , array([ 0.440166   ,  0.487682   ])
[0.43972619 0.48768212]
730     , nan         , array([ 0.439726   ,  0.612314   ])
732     , nan         , array([ 0.439726   ,  0.612927   ])
[0.43972619 0.61231438]
734     , nan         , array([ 0.440166   ,  0.00963098 ])
[0.43972619 0.00963098]
736     , nan         , array([ 0.439726   ,  0.475937   ])
738     , nan         , array([ 0.439726   ,  0.476413   ])
[0.43972619 0.47593704]
740     , nan         , array([ 0.440166   ,  0.872783   ])
[0.43972619 0.87278327]
742     , nan         , array([ 0.439726   ,  0.875888   ])
744     , nan         , array([ 0.439726   ,  0.876765   ])
[0.43972619 0.87588821]
746     , nan         , array([ 0.440166   ,  0.403049   ])
[0.43972619 0.40304921]
748     , nan         , array([ 0.439726   ,  0.507223   ])
750     , nan         , array([ 0.439726   ,  0.507731   ])
[0.43972619 0.50722304]
752     , nan         , array([ 0.648818   ,  0.452207   ])
[0.64816921 0.45220738]
754     , nan         , array([ 0.648169   ,  0.544132   ])
756     , nan         , array([ 0.648169   ,  0.544676   ])
[0.64816921 0.54413209]
758     , nan         , array([ 0.648818   ,  0.0101731  ])
[0.64816921 0.01017307]
760     , nan         , array([ 0.648169   ,  0.337303   ])
762     , nan         , array([ 0.648169   ,  0.337641   ])
[0.64816921 0.33730314]
764     , nan         , array([ 0.648818   ,  0.978126   ])
[0.64816921 0.97812573]
766     , nan         , array([ 0.648169   ,  0.210718   ])
768     , nan         , array([ 0.648169   ,  0.210929   ])
[0.64816921 0.21071832]
770     , nan         , array([ 0.648818   ,  0.403223   ])
[0.64816921 0.40322277]
772     , nan         , array([ 0.648169   ,  0.387429   ])
774     , nan         , array([ 0.648169   ,  0.387817   ])
[0.64816921 0.38742899]
776     , nan         , array([ 0.648818   ,  0.0694226  ])
[0.64816921 0.06942261]
778     , nan         , array([ 0.648169   ,  0.165979   ])
780     , nan         , array([ 0.648169   ,  0.166145   ])
[0.64816921 0.16597944]
782     , nan         , array([ 0.648818   ,  0.238732   ])
[0.64816921 0.23873215]
784     , nan         , array([ 0.648169   ,  0.0365302  ])
786     , nan         , array([ 0.648169   ,  0.0365668  ])
[0.64816921 0.03653023]
788     , nan         , array([ 0.648818   ,  0.36497    ])
[0.64816921 0.36496964]
790     , nan         , array([ 0.648169   ,  0.340475   ])
792     , nan         , array([ 0.648169   ,  0.340815   ])
[0.64816921 0.34047458]
794     , nan         , array([ 0.648818   ,  0.370767   ])
[0.64816921 0.3707672 ]
796     , nan         , array([ 0.648169   ,  0.633507   ])
798     , nan         , array([ 0.648169   ,  0.634141   ])
[0.64816921 0.63350728]
800     , nan         , array([ 0.648818   ,  0.0265615  ])
[0.64816921 0.02656145]
802     , nan         , array([ 0.648169   ,  0.487682   ])
804     , nan         , array([ 0.648169   ,  0.48817    ])
[0.64816921 0.48768212]
806     , nan         , array([ 0.648818   ,  0.612314   ])
[0.64816921 0.61231438]
808     , nan         , array([ 0.648169   ,  0.00963098 ])
810     , nan         , array([ 0.648169   ,  0.00964062 ])
[0.64816921 0.00963098]
812     , nan         , array([ 0.648818   ,  0.475937   ])
[0.64816921 0.47593704]
814     , nan         , array([ 0.648169   ,  0.872783   ])
816     , nan         , array([ 0.648169   ,  0.873656   ])
[0.64816921 0.87278327]
818     , nan         , array([ 0.648818   ,  0.875888   ])
[0.64816921 0.87588821]
820     , nan         , array([ 0.648169   ,  0.403049   ])
822     , nan         , array([ 0.648169   ,  0.403452   ])
[0.64816921 0.40304921]
824     , nan         , array([ 0.648818   ,  0.507223   ])
[0.64816921 0.50722304]
826     , nan         , array([ 0.65973    ,  0.452207   ])
828     , nan         , array([ 0.65973    ,  0.45266    ])
[0.6597304  0.45220738]
830     , nan         , array([ 0.66039    ,  0.544132   ])
[0.6597304  0.54413209]
832     , nan         , array([ 0.65973    ,  0.0101731  ])
834     , nan         , array([ 0.65973    ,  0.0101832  ])
[0.6597304  0.01017307]
836     , nan         , array([ 0.66039    ,  0.337303   ])
[0.6597304  0.33730314]
838     , nan         , array([ 0.65973    ,  0.978126   ])
840     , nan         , array([ 0.65973    ,  0.979104   ])
[0.6597304  0.97812573]
842     , nan         , array([ 0.66039    ,  0.210718   ])
[0.6597304  0.21071832]
844     , nan         , array([ 0.65973    ,  0.403223   ])
846     , nan         , array([ 0.65973    ,  0.403626   ])
[0.6597304  0.40322277]
848     , nan         , array([ 0.66039    ,  0.387429   ])
[0.6597304  0.38742899]
850     , nan         , array([ 0.65973    ,  0.0694226  ])
852     , nan         , array([ 0.65973    ,  0.0694921  ])
[0.6597304  0.06942261]
854     , nan         , array([ 0.66039    ,  0.165979   ])
[0.6597304  0.16597944]
856     , nan         , array([ 0.65973    ,  0.238732   ])
858     , nan         , array([ 0.65973    ,  0.238971   ])
[0.6597304  0.23873215]
860     , nan         , array([ 0.66039    ,  0.0365302  ])
[0.6597304  0.03653023]
862     , nan         , array([ 0.65973    ,  0.36497    ])
864     , nan         , array([ 0.65973    ,  0.365335   ])
[0.6597304  0.36496964]
866     , nan         , array([ 0.66039    ,  0.340475   ])
[0.6597304  0.34047458]
868     , nan         , array([ 0.65973    ,  0.370767   ])
870     , nan         , array([ 0.65973    ,  0.371138   ])
[0.6597304 0.3707672]
872     , nan         , array([ 0.66039    ,  0.633507   ])
[0.6597304  0.63350728]
874     , nan         , array([ 0.65973    ,  0.0265615  ])
876     , nan         , array([ 0.65973    ,  0.026588   ])
[0.6597304  0.02656145]
878     , nan         , array([ 0.66039    ,  0.487682   ])
[0.6597304  0.48768212]
880     , nan         , array([ 0.65973    ,  0.612314   ])
882     , nan         , array([ 0.65973    ,  0.612927   ])
[0.6597304  0.61231438]
884     , nan         , array([ 0.66039    ,  0.00963098 ])
[0.6597304  0.00963098]
886     , nan         , array([ 0.65973    ,  0.475937   ])
888     , nan         , array([ 0.65973    ,  0.476413   ])
[0.6597304  0.47593704]
890     , nan         , array([ 0.66039    ,  0.872783   ])
[0.6597304  0.87278327]
892     , nan         , array([ 0.65973    ,  0.875888   ])
894     , nan         , array([ 0.65973    ,  0.876765   ])
[0.6597304  0.87588821]
896     , nan         , array([ 0.66039    ,  0.403049   ])
[0.6597304  0.40304921]
898     , nan         , array([ 0.65973    ,  0.507223   ])
900     , nan         , array([ 0.65973    ,  0.507731   ])
[0.6597304  0.50722304]
902     , nan         , array([ 0.940253   ,  0.452207   ])
[0.93931352 0.45220738]
904     , nan         , array([ 0.939314   ,  0.544132   ])
906     , nan         , array([ 0.939314   ,  0.544676   ])
[0.93931352 0.54413209]
908     , nan         , array([ 0.940253   ,  0.0101731  ])
[0.93931352 0.01017307]
910     , nan         , array([ 0.939314   ,  0.337303   ])
912     , nan         , array([ 0.939314   ,  0.337641   ])
[0.93931352 0.33730314]
914     , nan         , array([ 0.940253   ,  0.978126   ])
[0.93931352 0.97812573]
916     , nan         , array([ 0.939314   ,  0.210718   ])
918     , nan         , array([ 0.939314   ,  0.210929   ])
[0.93931352 0.21071832]
920     , nan         , array([ 0.940253   ,  0.403223   ])
[0.93931352 0.40322277]
922     , nan         , array([ 0.939314   ,  0.387429   ])
924     , nan         , array([ 0.939314   ,  0.387817   ])
[0.93931352 0.38742899]
926     , nan         , array([ 0.940253   ,  0.0694226  ])
[0.93931352 0.06942261]
928     , nan         , array([ 0.939314   ,  0.165979   ])
930     , nan         , array([ 0.939314   ,  0.166145   ])
[0.93931352 0.16597944]
932     , nan         , array([ 0.940253   ,  0.238732   ])
[0.93931352 0.23873215]
934     , nan         , array([ 0.939314   ,  0.0365302  ])
936     , nan         , array([ 0.939314   ,  0.0365668  ])
[0.93931352 0.03653023]
938     , nan         , array([ 0.940253   ,  0.36497    ])
[0.93931352 0.36496964]
940     , nan         , array([ 0.939314   ,  0.340475   ])
942     , nan         , array([ 0.939314   ,  0.340815   ])
[0.93931352 0.34047458]
944     , nan         , array([ 0.940253   ,  0.370767   ])
[0.93931352 0.3707672 ]
946     , nan         , array([ 0.939314   ,  0.633507   ])
948     , nan         , array([ 0.939314   ,  0.634141   ])
[0.93931352 0.63350728]
950     , nan         , array([ 0.940253   ,  0.0265615  ])
[0.93931352 0.02656145]
952     , nan         , array([ 0.939314   ,  0.487682   ])
954     , nan         , array([ 0.939314   ,  0.48817    ])
[0.93931352 0.48768212]
956     , nan         , array([ 0.940253   ,  0.612314   ])
[0.93931352 0.61231438]
958     , nan         , array([ 0.939314   ,  0.00963098 ])
960     , nan         , array([ 0.939314   ,  0.00964062 ])
[0.93931352 0.00963098]
962     , nan         , array([ 0.940253   ,  0.475937   ])
[0.93931352 0.47593704]
964     , nan         , array([ 0.939314   ,  0.872783   ])
966     , nan         , array([ 0.939314   ,  0.873656   ])
[0.93931352 0.87278327]
968     , nan         , array([ 0.940253   ,  0.875888   ])
[0.93931352 0.87588821]
970     , nan         , array([ 0.939314   ,  0.403049   ])
972     , nan         , array([ 0.939314   ,  0.403452   ])
[0.93931352 0.40304921]
974     , nan         , array([ 0.940253   ,  0.507223   ])
[0.93931352 0.50722304]
976     , nan         , array([ 0.850398   ,  0.452207   ])
978     , nan         , array([ 0.850398   ,  0.45266    ])
[0.85039775 0.45220738]
980     , nan         , array([ 0.851249   ,  0.544132   ])
[0.85039775 0.54413209]
982     , nan         , array([ 0.850398   ,  0.0101731  ])
984     , nan         , array([ 0.850398   ,  0.0101832  ])
[0.85039775 0.01017307]
986     , nan         , array([ 0.851249   ,  0.337303   ])
[0.85039775 0.33730314]
988     , nan         , array([ 0.850398   ,  0.978126   ])
990     , nan         , array([ 0.850398   ,  0.979104   ])
[0.85039775 0.97812573]
992     , nan         , array([ 0.851249   ,  0.210718   ])
[0.85039775 0.21071832]
994     , nan         , array([ 0.850398   ,  0.403223   ])
996     , nan         , array([ 0.850398   ,  0.403626   ])
[0.85039775 0.40322277]
998     , nan         , array([ 0.851249   ,  0.387429   ])
[0.85039775 0.38742899]
1000    , nan         , array([ 0.850398   ,  0.0694226  ])
1002    , nan         , array([ 0.850398   ,  0.0694921  ])
[0.85039775 0.06942261]
1004    , nan         , array([ 0.851249   ,  0.165979   ])
[0.85039775 0.16597944]
1006    , nan         , array([ 0.850398   ,  0.238732   ])
1008    , nan         , array([ 0.850398   ,  0.238971   ])
[0.85039775 0.23873215]
1010    , nan         , array([ 0.851249   ,  0.0365302  ])
[0.85039775 0.03653023]
1012    , nan         , array([ 0.850398   ,  0.36497    ])
1014    , nan         , array([ 0.850398   ,  0.365335   ])
[0.85039775 0.36496964]
1016    , nan         , array([ 0.851249   ,  0.340475   ])
[0.85039775 0.34047458]
1018    , nan         , array([ 0.850398   ,  0.370767   ])
1020    , nan         , array([ 0.850398   ,  0.371138   ])
[0.85039775 0.3707672 ]
1022    , nan         , array([ 0.851249   ,  0.633507   ])
[0.85039775 0.63350728]
1024    , nan         , array([ 0.850398   ,  0.0265615  ])
1026    , nan         , array([ 0.850398   ,  0.026588   ])
[0.85039775 0.02656145]
1028    , nan         , array([ 0.851249   ,  0.487682   ])
[0.85039775 0.48768212]
1030    , nan         , array([ 0.850398   ,  0.612314   ])
1032    , nan         , array([ 0.850398   ,  0.612927   ])
[0.85039775 0.61231438]
1034    , nan         , array([ 0.851249   ,  0.00963098 ])
[0.85039775 0.00963098]
1036    , nan         , array([ 0.850398   ,  0.475937   ])
1038    , nan         , array([ 0.850398   ,  0.476413   ])
[0.85039775 0.47593704]
1040    , nan         , array([ 0.851249   ,  0.872783   ])
[0.85039775 0.87278327]
1042    , nan         , array([ 0.850398   ,  0.875888   ])
1044    , nan         , array([ 0.850398   ,  0.876765   ])
[0.85039775 0.87588821]
1046    , nan         , array([ 0.851249   ,  0.403049   ])
[0.85039775 0.40304921]
1048    , nan         , array([ 0.850398   ,  0.507223   ])
1050    , nan         , array([ 0.850398   ,  0.507731   ])
[0.85039775 0.50722304]
1052    , nan         , array([ 0.792951   ,  0.452207   ])
[0.79215862 0.45220738]
1054    , nan         , array([ 0.792159   ,  0.544132   ])
1056    , nan         , array([ 0.792159   ,  0.544676   ])
[0.79215862 0.54413209]
1058    , nan         , array([ 0.792951   ,  0.0101731  ])
[0.79215862 0.01017307]
1060    , nan         , array([ 0.792159   ,  0.337303   ])
1062    , nan         , array([ 0.792159   ,  0.337641   ])
[0.79215862 0.33730314]
1064    , nan         , array([ 0.792951   ,  0.978126   ])
[0.79215862 0.97812573]
1066    , nan         , array([ 0.792159   ,  0.210718   ])
1068    , nan         , array([ 0.792159   ,  0.210929   ])
[0.79215862 0.21071832]
1070    , nan         , array([ 0.792951   ,  0.403223   ])
[0.79215862 0.40322277]
1072    , nan         , array([ 0.792159   ,  0.387429   ])
1074    , nan         , array([ 0.792159   ,  0.387817   ])
[0.79215862 0.38742899]
1076    , nan         , array([ 0.792951   ,  0.0694226  ])
[0.79215862 0.06942261]
1078    , nan         , array([ 0.792159   ,  0.165979   ])
1080    , nan         , array([ 0.792159   ,  0.166145   ])
[0.79215862 0.16597944]
1082    , nan         , array([ 0.792951   ,  0.238732   ])
[0.79215862 0.23873215]
1084    , nan         , array([ 0.792159   ,  0.0365302  ])
1086    , nan         , array([ 0.792159   ,  0.0365668  ])
[0.79215862 0.03653023]
1088    , nan         , array([ 0.792951   ,  0.36497    ])
[0.79215862 0.36496964]
1090    , nan         , array([ 0.792159   ,  0.340475   ])
1092    , nan         , array([ 0.792159   ,  0.340815   ])
[0.79215862 0.34047458]
1094    , nan         , array([ 0.792951   ,  0.370767   ])
[0.79215862 0.3707672 ]
1096    , nan         , array([ 0.792159   ,  0.633507   ])
1098    , nan         , array([ 0.792159   ,  0.634141   ])
[0.79215862 0.63350728]
1100    , nan         , array([ 0.792951   ,  0.0265615  ])
[0.79215862 0.02656145]
1102    , nan         , array([ 0.792159   ,  0.487682   ])
1104    , nan         , array([ 0.792159   ,  0.48817    ])
[0.79215862 0.48768212]
1106    , nan         , array([ 0.792951   ,  0.612314   ])
[0.79215862 0.61231438]
1108    , nan         , array([ 0.792159   ,  0.00963098 ])
1110    , nan         , array([ 0.792159   ,  0.00964062 ])
[0.79215862 0.00963098]
1112    , nan         , array([ 0.792951   ,  0.475937   ])
[0.79215862 0.47593704]
1114    , nan         , array([ 0.792159   ,  0.872783   ])
1116    , nan         , array([ 0.792159   ,  0.873656   ])
[0.79215862 0.87278327]
1118    , nan         , array([ 0.792951   ,  0.875888   ])
[0.79215862 0.87588821]
1120    , nan         , array([ 0.792159   ,  0.403049   ])
1122    , nan         , array([ 0.792159   ,  0.403452   ])
[0.79215862 0.40304921]
1124    , nan         , array([ 0.792951   ,  0.507223   ])
[0.79215862 0.50722304]
1126    , nan         , array([ 0.138545   ,  0.452207   ])
1128    , nan         , array([ 0.138545   ,  0.45266    ])
[0.13854509 0.45220738]
1130    , nan         , array([ 0.138684   ,  0.544132   ])
[0.13854509 0.54413209]
1132    , nan         , array([ 0.138545   ,  0.0101731  ])
1134    , nan         , array([ 0.138545   ,  0.0101832  ])
[0.13854509 0.01017307]
1136    , nan         , array([ 0.138684   ,  0.337303   ])
[0.13854509 0.33730314]
1138    , nan         , array([ 0.138545   ,  0.978126   ])
1140    , nan         , array([ 0.138545   ,  0.979104   ])
[0.13854509 0.97812573]
1142    , nan         , array([ 0.138684   ,  0.210718   ])
[0.13854509 0.21071832]
1144    , nan         , array([ 0.138545   ,  0.403223   ])
1146    , nan         , array([ 0.138545   ,  0.403626   ])
[0.13854509 0.40322277]
1148    , nan         , array([ 0.138684   ,  0.387429   ])
[0.13854509 0.38742899]
1150    , nan         , array([ 0.138545   ,  0.0694226  ])
1152    , nan         , array([ 0.138545   ,  0.0694921  ])
[0.13854509 0.06942261]
1154    , nan         , array([ 0.138684   ,  0.165979   ])
[0.13854509 0.16597944]
1156    , nan         , array([ 0.138545   ,  0.238732   ])
1158    , nan         , array([ 0.138545   ,  0.238971   ])
[0.13854509 0.23873215]
1160    , nan         , array([ 0.138684   ,  0.0365302  ])
[0.13854509 0.03653023]
1162    , nan         , array([ 0.138545   ,  0.36497    ])
1164    , nan         , array([ 0.138545   ,  0.365335   ])
[0.13854509 0.36496964]
1166    , nan         , array([ 0.138684   ,  0.340475   ])
[0.13854509 0.34047458]
1168    , nan         , array([ 0.138545   ,  0.370767   ])
1170    , nan         , array([ 0.138545   ,  0.371138   ])
[0.13854509 0.3707672 ]
1172    , nan         , array([ 0.138684   ,  0.633507   ])
[0.13854509 0.63350728]
1174    , nan         , array([ 0.138545   ,  0.0265615  ])
1176    , nan         , array([ 0.138545   ,  0.026588   ])
[0.13854509 0.02656145]
1178    , nan         , array([ 0.138684   ,  0.487682   ])
[0.13854509 0.48768212]
1180    , nan         , array([ 0.138545   ,  0.612314   ])
1182    , nan         , array([ 0.138545   ,  0.612927   ])
[0.13854509 0.61231438]
1184    , nan         , array([ 0.138684   ,  0.00963098 ])
[0.13854509 0.00963098]
1186    , nan         , array([ 0.138545   ,  0.475937   ])
1188    , nan         , array([ 0.138545   ,  0.476413   ])
[0.13854509 0.47593704]
1190    , nan         , array([ 0.138684   ,  0.872783   ])
[0.13854509 0.87278327]
1192    , nan         , array([ 0.138545   ,  0.875888   ])
1194    , nan         , array([ 0.138545   ,  0.876765   ])
[0.13854509 0.87588821]
1196    , nan         , array([ 0.138684   ,  0.403049   ])
[0.13854509 0.40304921]
1198    , nan         , array([ 0.138545   ,  0.507223   ])
1200    , nan         , array([ 0.138545   ,  0.507731   ])
[0.13854509 0.50722304]
1202    , nan         , array([ 0.207469   ,  0.452207   ])
[0.207262   0.45220738]
1204    , nan         , array([ 0.207262   ,  0.544132   ])
1206    , nan         , array([ 0.207262   ,  0.544676   ])
[0.207262   0.54413209]
1208    , nan         , array([ 0.207469   ,  0.0101731  ])
[0.207262   0.01017307]
1210    , nan         , array([ 0.207262   ,  0.337303   ])
1212    , nan         , array([ 0.207262   ,  0.337641   ])
[0.207262   0.33730314]
1214    , nan         , array([ 0.207469   ,  0.978126   ])
[0.207262   0.97812573]
1216    , nan         , array([ 0.207262   ,  0.210718   ])
1218    , nan         , array([ 0.207262   ,  0.210929   ])
[0.207262   0.21071832]
1220    , nan         , array([ 0.207469   ,  0.403223   ])
[0.207262   0.40322277]
1222    , nan         , array([ 0.207262   ,  0.387429   ])
1224    , nan         , array([ 0.207262   ,  0.387817   ])
[0.207262   0.38742899]
1226    , nan         , array([ 0.207469   ,  0.0694226  ])
[0.207262   0.06942261]
1228    , nan         , array([ 0.207262   ,  0.165979   ])
1230    , nan         , array([ 0.207262   ,  0.166145   ])
[0.207262   0.16597944]
1232    , nan         , array([ 0.207469   ,  0.238732   ])
[0.207262   0.23873215]
1234    , nan         , array([ 0.207262   ,  0.0365302  ])
1236    , nan         , array([ 0.207262   ,  0.0365668  ])
[0.207262   0.03653023]
1238    , nan         , array([ 0.207469   ,  0.36497    ])
[0.207262   0.36496964]
1240    , nan         , array([ 0.207262   ,  0.340475   ])
1242    , nan         , array([ 0.207262   ,  0.340815   ])
[0.207262   0.34047458]
1244    , nan         , array([ 0.207469   ,  0.370767   ])
[0.207262  0.3707672]
1246    , nan         , array([ 0.207262   ,  0.633507   ])
1248    , nan         , array([ 0.207262   ,  0.634141   ])
[0.207262   0.63350728]
1250    , nan         , array([ 0.207469   ,  0.0265615  ])
[0.207262   0.02656145]
1252    , nan         , array([ 0.207262   ,  0.487682   ])
1254    , nan         , array([ 0.207262   ,  0.48817    ])
[0.207262   0.48768212]
1256    , nan         , array([ 0.207469   ,  0.612314   ])
[0.207262   0.61231438]
1258    , nan         , array([ 0.207262   ,  0.00963098 ])
1260    , nan         , array([ 0.207262   ,  0.00964062 ])
[0.207262   0.00963098]
1262    , nan         , array([ 0.207469   ,  0.475937   ])
[0.207262   0.47593704]
1264    , nan         , array([ 0.207262   ,  0.872783   ])
1266    , nan         , array([ 0.207262   ,  0.873656   ])
[0.207262   0.87278327]
1268    , nan         , array([ 0.207469   ,  0.875888   ])
[0.207262   0.87588821]
1270    , nan         , array([ 0.207262   ,  0.403049   ])
1272    , nan         , array([ 0.207262   ,  0.403452   ])
[0.207262   0.40304921]
1274    , nan         , array([ 0.207469   ,  0.507223   ])
[0.207262   0.50722304]
1276    , nan         , array([ 0.0413055  ,  0.452207   ])
1278    , nan         , array([ 0.0413055  ,  0.45266    ])
[0.0413055  0.45220738]
1280    , nan         , array([ 0.0413468  ,  0.544132   ])
[0.0413055  0.54413209]
1282    , nan         , array([ 0.0413055  ,  0.0101731  ])
1284    , nan         , array([ 0.0413055  ,  0.0101832  ])
[0.0413055  0.01017307]
1286    , nan         , array([ 0.0413468  ,  0.337303   ])
[0.0413055  0.33730314]
1288    , nan         , array([ 0.0413055  ,  0.978126   ])
1290    , nan         , array([ 0.0413055  ,  0.979104   ])
[0.0413055  0.97812573]
1292    , nan         , array([ 0.0413468  ,  0.210718   ])
[0.0413055  0.21071832]
1294    , nan         , array([ 0.0413055  ,  0.403223   ])
1296    , nan         , array([ 0.0413055  ,  0.403626   ])
[0.0413055  0.40322277]
1298    , nan         , array([ 0.0413468  ,  0.387429   ])
[0.0413055  0.38742899]
1300    , nan         , array([ 0.0413055  ,  0.0694226  ])
1302    , nan         , array([ 0.0413055  ,  0.0694921  ])
[0.0413055  0.06942261]
1304    , nan         , array([ 0.0413468  ,  0.165979   ])
[0.0413055  0.16597944]
1306    , nan         , array([ 0.0413055  ,  0.238732   ])
1308    , nan         , array([ 0.0413055  ,  0.238971   ])
[0.0413055  0.23873215]
1310    , nan         , array([ 0.0413468  ,  0.0365302  ])
[0.0413055  0.03653023]
1312    , nan         , array([ 0.0413055  ,  0.36497    ])
1314    , nan         , array([ 0.0413055  ,  0.365335   ])
[0.0413055  0.36496964]
1316    , nan         , array([ 0.0413468  ,  0.340475   ])
[0.0413055  0.34047458]
1318    , nan         , array([ 0.0413055  ,  0.370767   ])
1320    , nan         , array([ 0.0413055  ,  0.371138   ])
[0.0413055 0.3707672]
1322    , nan         , array([ 0.0413468  ,  0.633507   ])
[0.0413055  0.63350728]
1324    , nan         , array([ 0.0413055  ,  0.0265615  ])
1326    , nan         , array([ 0.0413055  ,  0.026588   ])
[0.0413055  0.02656145]
1328    , nan         , array([ 0.0413468  ,  0.487682   ])
[0.0413055  0.48768212]
1330    , nan         , array([ 0.0413055  ,  0.612314   ])
1332    , nan         , array([ 0.0413055  ,  0.612927   ])
[0.0413055  0.61231438]
1334    , nan         , array([ 0.0413468  ,  0.00963098 ])
[0.0413055  0.00963098]
1336    , nan         , array([ 0.0413055  ,  0.475937   ])
1338    , nan         , array([ 0.0413055  ,  0.476413   ])
[0.0413055  0.47593704]
1340    , nan         , array([ 0.0413468  ,  0.872783   ])
[0.0413055  0.87278327]
1342    , nan         , array([ 0.0413055  ,  0.875888   ])
1344    , nan         , array([ 0.0413055  ,  0.876765   ])
[0.0413055  0.87588821]
1346    , nan         , array([ 0.0413468  ,  0.403049   ])
[0.0413055  0.40304921]
1348    , nan         , array([ 0.0413055  ,  0.507223   ])
1350    , nan         , array([ 0.0413055  ,  0.507731   ])
[0.0413055  0.50722304]
1352    , nan         , array([ 0.0580215  ,  0.452207   ])
[0.05796353 0.45220738]
1354    , nan         , array([ 0.0579635  ,  0.544132   ])
1356    , nan         , array([ 0.0579635  ,  0.544676   ])
[0.05796353 0.54413209]
1358    , nan         , array([ 0.0580215  ,  0.0101731  ])
[0.05796353 0.01017307]
1360    , nan         , array([ 0.0579635  ,  0.337303   ])
1362    , nan         , array([ 0.0579635  ,  0.337641   ])
[0.05796353 0.33730314]
1364    , nan         , array([ 0.0580215  ,  0.978126   ])
[0.05796353 0.97812573]
1366    , nan         , array([ 0.0579635  ,  0.210718   ])
1368    , nan         , array([ 0.0579635  ,  0.210929   ])
[0.05796353 0.21071832]
1370    , nan         , array([ 0.0580215  ,  0.403223   ])
[0.05796353 0.40322277]
1372    , nan         , array([ 0.0579635  ,  0.387429   ])
1374    , nan         , array([ 0.0579635  ,  0.387817   ])
[0.05796353 0.38742899]
1376    , nan         , array([ 0.0580215  ,  0.0694226  ])
[0.05796353 0.06942261]
1378    , nan         , array([ 0.0579635  ,  0.165979   ])
1380    , nan         , array([ 0.0579635  ,  0.166145   ])
[0.05796353 0.16597944]
1382    , nan         , array([ 0.0580215  ,  0.238732   ])
[0.05796353 0.23873215]
1384    , nan         , array([ 0.0579635  ,  0.0365302  ])
1386    , nan         , array([ 0.0579635  ,  0.0365668  ])
[0.05796353 0.03653023]
1388    , nan         , array([ 0.0580215  ,  0.36497    ])
[0.05796353 0.36496964]
1390    , nan         , array([ 0.0579635  ,  0.340475   ])
1392    , nan         , array([ 0.0579635  ,  0.340815   ])
[0.05796353 0.34047458]
1394    , nan         , array([ 0.0580215  ,  0.370767   ])
[0.05796353 0.3707672 ]
1396    , nan         , array([ 0.0579635  ,  0.633507   ])
1398    , nan         , array([ 0.0579635  ,  0.634141   ])
[0.05796353 0.63350728]
1400    , nan         , array([ 0.0580215  ,  0.0265615  ])
[0.05796353 0.02656145]
1402    , nan         , array([ 0.0579635  ,  0.487682   ])
1404    , nan         , array([ 0.0579635  ,  0.48817    ])
[0.05796353 0.48768212]
1406    , nan         , array([ 0.0580215  ,  0.612314   ])
[0.05796353 0.61231438]
1408    , nan         , array([ 0.0579635  ,  0.00963098 ])
1410    , nan         , array([ 0.0579635  ,  0.00964062 ])
[0.05796353 0.00963098]
1412    , nan         , array([ 0.0580215  ,  0.475937   ])
[0.05796353 0.47593704]
1414    , nan         , array([ 0.0579635  ,  0.872783   ])
1416    , nan         , array([ 0.0579635  ,  0.873656   ])
[0.05796353 0.87278327]
1418    , nan         , array([ 0.0580215  ,  0.875888   ])
[0.05796353 0.87588821]
1420    , nan         , array([ 0.0579635  ,  0.403049   ])
1422    , nan         , array([ 0.0579635  ,  0.403452   ])
[0.05796353 0.40304921]
1424    , nan         , array([ 0.0580215  ,  0.507223   ])
[0.05796353 0.50722304]
1426    , nan         , array([ 0.877203   ,  0.452207   ])
1428    , nan         , array([ 0.877203   ,  0.45266    ])
[0.87720325 0.45220738]
1430    , nan         , array([ 0.878081   ,  0.544132   ])
[0.87720325 0.54413209]
1432    , nan         , array([ 0.877203   ,  0.0101731  ])
1434    , nan         , array([ 0.877203   ,  0.0101832  ])
[0.87720325 0.01017307]
1436    , nan         , array([ 0.878081   ,  0.337303   ])
[0.87720325 0.33730314]
1438    , nan         , array([ 0.877203   ,  0.978126   ])
1440    , nan         , array([ 0.877203   ,  0.979104   ])
[0.87720325 0.97812573]
1442    , nan         , array([ 0.878081   ,  0.210718   ])
[0.87720325 0.21071832]
1444    , nan         , array([ 0.877203   ,  0.403223   ])
1446    , nan         , array([ 0.877203   ,  0.403626   ])
[0.87720325 0.40322277]
1448    , nan         , array([ 0.878081   ,  0.387429   ])
[0.87720325 0.38742899]
1450    , nan         , array([ 0.877203   ,  0.0694226  ])
1452    , nan         , array([ 0.877203   ,  0.0694921  ])
[0.87720325 0.06942261]
1454    , nan         , array([ 0.878081   ,  0.165979   ])
[0.87720325 0.16597944]
1456    , nan         , array([ 0.877203   ,  0.238732   ])
1458    , nan         , array([ 0.877203   ,  0.238971   ])
[0.87720325 0.23873215]
1460    , nan         , array([ 0.878081   ,  0.0365302  ])
[0.87720325 0.03653023]
1462    , nan         , array([ 0.877203   ,  0.36497    ])
1464    , nan         , array([ 0.877203   ,  0.365335   ])
[0.87720325 0.36496964]
1466    , nan         , array([ 0.878081   ,  0.340475   ])
[0.87720325 0.34047458]
1468    , nan         , array([ 0.877203   ,  0.370767   ])
1470    , nan         , array([ 0.877203   ,  0.371138   ])
[0.87720325 0.3707672 ]
1472    , nan         , array([ 0.878081   ,  0.633507   ])
[0.87720325 0.63350728]
1474    , nan         , array([ 0.877203   ,  0.0265615  ])
1476    , nan         , array([ 0.877203   ,  0.026588   ])
[0.87720325 0.02656145]
1478    , nan         , array([ 0.878081   ,  0.487682   ])
[0.87720325 0.48768212]
1480    , nan         , array([ 0.877203   ,  0.612314   ])
1482    , nan         , array([ 0.877203   ,  0.612927   ])
[0.87720325 0.61231438]
1484    , nan         , array([ 0.878081   ,  0.00963098 ])
[0.87720325 0.00963098]
1486    , nan         , array([ 0.877203   ,  0.475937   ])
1488    , nan         , array([ 0.877203   ,  0.476413   ])
[0.87720325 0.47593704]
1490    , nan         , array([ 0.878081   ,  0.872783   ])
[0.87720325 0.87278327]
1492    , nan         , array([ 0.877203   ,  0.875888   ])
1494    , nan         , array([ 0.877203   ,  0.876765   ])
[0.87720325 0.87588821]
1496    , nan         , array([ 0.878081   ,  0.403049   ])
[0.87720325 0.40304921]
1498    , nan         , array([ 0.877203   ,  0.507223   ])
1500    , nan         , array([ 0.877203   ,  0.507731   ])
[0.87720325 0.50722304]
1502    , nan         , array([ 0.628262   ,  0.452207   ])
[0.6276336  0.45220738]
1504    , nan         , array([ 0.627634   ,  0.544132   ])
1506    , nan         , array([ 0.627634   ,  0.544676   ])
[0.6276336  0.54413209]
1508    , nan         , array([ 0.628262   ,  0.0101731  ])
[0.6276336  0.01017307]
1510    , nan         , array([ 0.627634   ,  0.337303   ])
1512    , nan         , array([ 0.627634   ,  0.337641   ])
[0.6276336  0.33730314]
1514    , nan         , array([ 0.628262   ,  0.978126   ])
[0.6276336  0.97812573]
1516    , nan         , array([ 0.627634   ,  0.210718   ])
1518    , nan         , array([ 0.627634   ,  0.210929   ])
[0.6276336  0.21071832]
1520    , nan         , array([ 0.628262   ,  0.403223   ])
[0.6276336  0.40322277]
1522    , nan         , array([ 0.627634   ,  0.387429   ])
1524    , nan         , array([ 0.627634   ,  0.387817   ])
[0.6276336  0.38742899]
1526    , nan         , array([ 0.628262   ,  0.0694226  ])
[0.6276336  0.06942261]
1528    , nan         , array([ 0.627634   ,  0.165979   ])
1530    , nan         , array([ 0.627634   ,  0.166145   ])
[0.6276336  0.16597944]
1532    , nan         , array([ 0.628262   ,  0.238732   ])
[0.6276336  0.23873215]
1534    , nan         , array([ 0.627634   ,  0.0365302  ])
1536    , nan         , array([ 0.627634   ,  0.0365668  ])
[0.6276336  0.03653023]
1538    , nan         , array([ 0.628262   ,  0.36497    ])
[0.6276336  0.36496964]
1540    , nan         , array([ 0.627634   ,  0.340475   ])
1542    , nan         , array([ 0.627634   ,  0.340815   ])
[0.6276336  0.34047458]
1544    , nan         , array([ 0.628262   ,  0.370767   ])
[0.6276336 0.3707672]
1546    , nan         , array([ 0.627634   ,  0.633507   ])
1548    , nan         , array([ 0.627634   ,  0.634141   ])
[0.6276336  0.63350728]
1550    , nan         , array([ 0.628262   ,  0.0265615  ])
[0.6276336  0.02656145]
1552    , nan         , array([ 0.627634   ,  0.487682   ])
1554    , nan         , array([ 0.627634   ,  0.48817    ])
[0.6276336  0.48768212]
1556    , nan         , array([ 0.628262   ,  0.612314   ])
[0.6276336  0.61231438]
1558    , nan         , array([ 0.627634   ,  0.00963098 ])
1560    , nan         , array([ 0.627634   ,  0.00964062 ])
[0.6276336  0.00963098]
1562    , nan         , array([ 0.628262   ,  0.475937   ])
[0.6276336  0.47593704]
1564    , nan         , array([ 0.627634   ,  0.872783   ])
1566    , nan         , array([ 0.627634   ,  0.873656   ])
[0.6276336  0.87278327]
1568    , nan         , array([ 0.628262   ,  0.875888   ])
[0.6276336  0.87588821]
1570    , nan         , array([ 0.627634   ,  0.403049   ])
1572    , nan         , array([ 0.627634   ,  0.403452   ])
[0.6276336  0.40304921]
1574    , nan         , array([ 0.628262   ,  0.507223   ])
[0.6276336  0.50722304]
1576    , nan         , array([ 0.376663   ,  0.452207   ])
1578    , nan         , array([ 0.376663   ,  0.45266    ])
[0.37666299 0.45220738]
1580    , nan         , array([ 0.37704    ,  0.544132   ])
[0.37666299 0.54413209]
1582    , nan         , array([ 0.376663   ,  0.0101731  ])
1584    , nan         , array([ 0.376663   ,  0.0101832  ])
[0.37666299 0.01017307]
1586    , nan         , array([ 0.37704    ,  0.337303   ])
[0.37666299 0.33730314]
1588    , nan         , array([ 0.376663   ,  0.978126   ])
1590    , nan         , array([ 0.376663   ,  0.979104   ])
[0.37666299 0.97812573]
1592    , nan         , array([ 0.37704    ,  0.210718   ])
[0.37666299 0.21071832]
1594    , nan         , array([ 0.376663   ,  0.403223   ])
1596    , nan         , array([ 0.376663   ,  0.403626   ])
[0.37666299 0.40322277]
1598    , nan         , array([ 0.37704    ,  0.387429   ])
[0.37666299 0.38742899]
1600    , nan         , array([ 0.376663   ,  0.0694226  ])
1602    , nan         , array([ 0.376663   ,  0.0694921  ])
[0.37666299 0.06942261]
1604    , nan         , array([ 0.37704    ,  0.165979   ])
[0.37666299 0.16597944]
1606    , nan         , array([ 0.376663   ,  0.238732   ])
1608    , nan         , array([ 0.376663   ,  0.238971   ])
[0.37666299 0.23873215]
1610    , nan         , array([ 0.37704    ,  0.0365302  ])
[0.37666299 0.03653023]
1612    , nan         , array([ 0.376663   ,  0.36497    ])
1614    , nan         , array([ 0.376663   ,  0.365335   ])
[0.37666299 0.36496964]
1616    , nan         , array([ 0.37704    ,  0.340475   ])
[0.37666299 0.34047458]
1618    , nan         , array([ 0.376663   ,  0.370767   ])
1620    , nan         , array([ 0.376663   ,  0.371138   ])
[0.37666299 0.3707672 ]
1622    , nan         , array([ 0.37704    ,  0.633507   ])
[0.37666299 0.63350728]
1624    , nan         , array([ 0.376663   ,  0.0265615  ])
1626    , nan         , array([ 0.376663   ,  0.026588   ])
[0.37666299 0.02656145]
1628    , nan         , array([ 0.37704    ,  0.487682   ])
[0.37666299 0.48768212]
1630    , nan         , array([ 0.376663   ,  0.612314   ])
1632    , nan         , array([ 0.376663   ,  0.612927   ])
[0.37666299 0.61231438]
1634    , nan         , array([ 0.37704    ,  0.00963098 ])
[0.37666299 0.00963098]
1636    , nan         , array([ 0.376663   ,  0.475937   ])
1638    , nan         , array([ 0.376663   ,  0.476413   ])
[0.37666299 0.47593704]
1640    , nan         , array([ 0.37704    ,  0.872783   ])
[0.37666299 0.87278327]
1642    , nan         , array([ 0.376663   ,  0.875888   ])
1644    , nan         , array([ 0.376663   ,  0.876765   ])
[0.37666299 0.87588821]
1646    , nan         , array([ 0.37704    ,  0.403049   ])
[0.37666299 0.40304921]
1648    , nan         , array([ 0.376663   ,  0.507223   ])
1650    , nan         , array([ 0.376663   ,  0.507731   ])
[0.37666299 0.50722304]
1652    , nan         , array([ 0.913056   ,  0.452207   ])
[0.91214371 0.45220738]
1654    , nan         , array([ 0.912144   ,  0.544132   ])
1656    , nan         , array([ 0.912144   ,  0.544676   ])
[0.91214371 0.54413209]
1658    , nan         , array([ 0.913056   ,  0.0101731  ])
[0.91214371 0.01017307]
1660    , nan         , array([ 0.912144   ,  0.337303   ])
1662    , nan         , array([ 0.912144   ,  0.337641   ])
[0.91214371 0.33730314]
1664    , nan         , array([ 0.913056   ,  0.978126   ])
[0.91214371 0.97812573]
1666    , nan         , array([ 0.912144   ,  0.210718   ])
1668    , nan         , array([ 0.912144   ,  0.210929   ])
[0.91214371 0.21071832]
1670    , nan         , array([ 0.913056   ,  0.403223   ])
[0.91214371 0.40322277]
1672    , nan         , array([ 0.912144   ,  0.387429   ])
1674    , nan         , array([ 0.912144   ,  0.387817   ])
[0.91214371 0.38742899]
1676    , nan         , array([ 0.913056   ,  0.0694226  ])
[0.91214371 0.06942261]
1678    , nan         , array([ 0.912144   ,  0.165979   ])
1680    , nan         , array([ 0.912144   ,  0.166145   ])
[0.91214371 0.16597944]
1682    , nan         , array([ 0.913056   ,  0.238732   ])
[0.91214371 0.23873215]
1684    , nan         , array([ 0.912144   ,  0.0365302  ])
1686    , nan         , array([ 0.912144   ,  0.0365668  ])
[0.91214371 0.03653023]
1688    , nan         , array([ 0.913056   ,  0.36497    ])
[0.91214371 0.36496964]
1690    , nan         , array([ 0.912144   ,  0.340475   ])
1692    , nan         , array([ 0.912144   ,  0.340815   ])
[0.91214371 0.34047458]
1694    , nan         , array([ 0.913056   ,  0.370767   ])
[0.91214371 0.3707672 ]
1696    , nan         , array([ 0.912144   ,  0.633507   ])
1698    , nan         , array([ 0.912144   ,  0.634141   ])
[0.91214371 0.63350728]
1700    , nan         , array([ 0.913056   ,  0.0265615  ])
[0.91214371 0.02656145]
1702    , nan         , array([ 0.912144   ,  0.487682   ])
1704    , nan         , array([ 0.912144   ,  0.48817    ])
[0.91214371 0.48768212]
1706    , nan         , array([ 0.913056   ,  0.612314   ])
[0.91214371 0.61231438]
1708    , nan         , array([ 0.912144   ,  0.00963098 ])
1710    , nan         , array([ 0.912144   ,  0.00964062 ])
[0.91214371 0.00963098]
1712    , nan         , array([ 0.913056   ,  0.475937   ])
[0.91214371 0.47593704]
1714    , nan         , array([ 0.912144   ,  0.872783   ])
1716    , nan         , array([ 0.912144   ,  0.873656   ])
[0.91214371 0.87278327]
1718    , nan         , array([ 0.913056   ,  0.875888   ])
[0.91214371 0.87588821]
1720    , nan         , array([ 0.912144   ,  0.403049   ])
1722    , nan         , array([ 0.912144   ,  0.403452   ])
[0.91214371 0.40304921]
1724    , nan         , array([ 0.913056   ,  0.507223   ])
[0.91214371 0.50722304]
1726    , nan         , array([ 0.205988   ,  0.452207   ])
1728    , nan         , array([ 0.205988   ,  0.45266    ])
[0.2059884  0.45220738]
1730    , nan         , array([ 0.206194   ,  0.544132   ])
[0.2059884  0.54413209]
1732    , nan         , array([ 0.205988   ,  0.0101731  ])
1734    , nan         , array([ 0.205988   ,  0.0101832  ])
[0.2059884  0.01017307]
1736    , nan         , array([ 0.206194   ,  0.337303   ])
[0.2059884  0.33730314]
1738    , nan         , array([ 0.205988   ,  0.978126   ])
1740    , nan         , array([ 0.205988   ,  0.979104   ])
[0.2059884  0.97812573]
1742    , nan         , array([ 0.206194   ,  0.210718   ])
[0.2059884  0.21071832]
1744    , nan         , array([ 0.205988   ,  0.403223   ])
1746    , nan         , array([ 0.205988   ,  0.403626   ])
[0.2059884  0.40322277]
1748    , nan         , array([ 0.206194   ,  0.387429   ])
[0.2059884  0.38742899]
1750    , nan         , array([ 0.205988   ,  0.0694226  ])
1752    , nan         , array([ 0.205988   ,  0.0694921  ])
[0.2059884  0.06942261]
1754    , nan         , array([ 0.206194   ,  0.165979   ])
[0.2059884  0.16597944]
1756    , nan         , array([ 0.205988   ,  0.238732   ])
1758    , nan         , array([ 0.205988   ,  0.238971   ])
[0.2059884  0.23873215]
1760    , nan         , array([ 0.206194   ,  0.0365302  ])
[0.2059884  0.03653023]
1762    , nan         , array([ 0.205988   ,  0.36497    ])
1764    , nan         , array([ 0.205988   ,  0.365335   ])
[0.2059884  0.36496964]
1766    , nan         , array([ 0.206194   ,  0.340475   ])
[0.2059884  0.34047458]
1768    , nan         , array([ 0.205988   ,  0.370767   ])
1770    , nan         , array([ 0.205988   ,  0.371138   ])
[0.2059884 0.3707672]
1772    , nan         , array([ 0.206194   ,  0.633507   ])
[0.2059884  0.63350728]
1774    , nan         , array([ 0.205988   ,  0.0265615  ])
1776    , nan         , array([ 0.205988   ,  0.026588   ])
[0.2059884  0.02656145]
1778    , nan         , array([ 0.206194   ,  0.487682   ])
[0.2059884  0.48768212]
1780    , nan         , array([ 0.205988   ,  0.612314   ])
1782    , nan         , array([ 0.205988   ,  0.612927   ])
[0.2059884  0.61231438]
1784    , nan         , array([ 0.206194   ,  0.00963098 ])
[0.2059884  0.00963098]
1786    , nan         , array([ 0.205988   ,  0.475937   ])
1788    , nan         , array([ 0.205988   ,  0.476413   ])
[0.2059884  0.47593704]
1790    , nan         , array([ 0.206194   ,  0.872783   ])
[0.2059884  0.87278327]
1792    , nan         , array([ 0.205988   ,  0.875888   ])
1794    , nan         , array([ 0.205988   ,  0.876765   ])
[0.2059884  0.87588821]
1796    , nan         , array([ 0.206194   ,  0.403049   ])
[0.2059884  0.40304921]
1798    , nan         , array([ 0.205988   ,  0.507223   ])
1800    , nan         , array([ 0.205988   ,  0.507731   ])
[0.2059884  0.50722304]
1802    , nan         , array([ 0.421479   ,  0.452207   ])
[0.42105791 0.45220738]
1804    , nan         , array([ 0.421058   ,  0.544132   ])
1806    , nan         , array([ 0.421058   ,  0.544676   ])
[0.42105791 0.54413209]
1808    , nan         , array([ 0.421479   ,  0.0101731  ])
[0.42105791 0.01017307]
1810    , nan         , array([ 0.421058   ,  0.337303   ])
1812    , nan         , array([ 0.421058   ,  0.337641   ])
[0.42105791 0.33730314]
1814    , nan         , array([ 0.421479   ,  0.978126   ])
[0.42105791 0.97812573]
1816    , nan         , array([ 0.421058   ,  0.210718   ])
1818    , nan         , array([ 0.421058   ,  0.210929   ])
[0.42105791 0.21071832]
1820    , nan         , array([ 0.421479   ,  0.403223   ])
[0.42105791 0.40322277]
1822    , nan         , array([ 0.421058   ,  0.387429   ])
1824    , nan         , array([ 0.421058   ,  0.387817   ])
[0.42105791 0.38742899]
1826    , nan         , array([ 0.421479   ,  0.0694226  ])
[0.42105791 0.06942261]
1828    , nan         , array([ 0.421058   ,  0.165979   ])
1830    , nan         , array([ 0.421058   ,  0.166145   ])
[0.42105791 0.16597944]
1832    , nan         , array([ 0.421479   ,  0.238732   ])
[0.42105791 0.23873215]
1834    , nan         , array([ 0.421058   ,  0.0365302  ])
1836    , nan         , array([ 0.421058   ,  0.0365668  ])
[0.42105791 0.03653023]
1838    , nan         , array([ 0.421479   ,  0.36497    ])
[0.42105791 0.36496964]
1840    , nan         , array([ 0.421058   ,  0.340475   ])
1842    , nan         , array([ 0.421058   ,  0.340815   ])
[0.42105791 0.34047458]
1844    , nan         , array([ 0.421479   ,  0.370767   ])
[0.42105791 0.3707672 ]
1846    , nan         , array([ 0.421058   ,  0.633507   ])
1848    , nan         , array([ 0.421058   ,  0.634141   ])
[0.42105791 0.63350728]
1850    , nan         , array([ 0.421479   ,  0.0265615  ])
[0.42105791 0.02656145]
1852    , nan         , array([ 0.421058   ,  0.487682   ])
1854    , nan         , array([ 0.421058   ,  0.48817    ])
[0.42105791 0.48768212]
1856    , nan         , array([ 0.421479   ,  0.612314   ])
[0.42105791 0.61231438]
1858    , nan         , array([ 0.421058   ,  0.00963098 ])
1860    , nan         , array([ 0.421058   ,  0.00964062 ])
[0.42105791 0.00963098]
1862    , nan         , array([ 0.421479   ,  0.475937   ])
[0.42105791 0.47593704]
1864    , nan         , array([ 0.421058   ,  0.872783   ])
1866    , nan         , array([ 0.421058   ,  0.873656   ])
[0.42105791 0.87278327]
1868    , nan         , array([ 0.421479   ,  0.875888   ])
[0.42105791 0.87588821]
1870    , nan         , array([ 0.421058   ,  0.403049   ])
1872    , nan         , array([ 0.421058   ,  0.403452   ])
[0.42105791 0.40304921]
1874    , nan         , array([ 0.421479   ,  0.507223   ])
[0.42105791 0.50722304]
bacteroides_massiliensis_unmasked.csv
bacteroides_ovatus_masked.csv
bacteroides_ovatus_unmasked.csv
bacteroides_stercoris_masked.csv
bacteroides_stercoris_unmasked.csv
bacteroides_thetaiotaomicron_masked.csv
bacteroides_thetaiotaomicron_unmasked.csv
bacteroides_uniformis_masked.csv
bacteroides_uniformis_unmasked.csv
bacteroides_vulgatus_masked.csv
bacteroides_vulgatus_unmasked.csv
bacteroides_xylanisolvens_masked.csv
bacteroides_xylanisolvens_unmasked.csv
barnesiella_intestinihominis_masked.csv
barnesiella_intestinihominis_unmasked.csv
coprococcus_sp_masked.csv
coprococcus_sp_unmasked.csv
dialister_invisus_masked.csv
dialister_invisus_unmasked.csv
eubacterium_eligens_masked.csv
eubacterium_eligens_unmasked.csv
eubacterium_rectale_masked.csv
eubacterium_rectale_unmasked.csv
faecalibacterium_prausnitzii_masked.csv
faecalibacterium_prausnitzii_unmasked.csv
odoribacter_splanchnicus_masked.csv
odoribacter_splanchnicus_unmasked.csv
oscillibacter_sp_masked.csv
oscillibacter_sp_unmasked.csv
parabacteroides_distasonis_masked.csv
parabacteroides_distasonis_unmasked.csv
parabacteroides_merdae_masked.csv
parabacteroides_merdae_unmasked.csv
phascolarctobacterium_sp_masked.csv
phascolarctobacterium_sp_unmasked.csv
prevotella_copri_masked.csv
prevotella_copri_unmasked.csv
ruminococcus_bicirculans_masked.csv
ruminococcus_bicirculans_unmasked.csv
ruminococcus_bromii_masked.csv
ruminococcus_bromii_unmasked.csv
