2       , nan         , array([ 0.558016   ,  43.0779    ])
[ 0.55745794 43.07791551]
4       , nan         , array([ 0.557458   ,  28.0124    ])
6       , nan         , array([ 0.557458   ,  28.0405    ])
[ 0.55745794 28.01244815]
8       , nan         , array([ 0.558016   ,  16.8791    ])
[ 0.55745794 16.87910047]
10      , nan         , array([ 0.557458   ,  3.39205    ])
12      , nan         , array([ 0.557458   ,  3.39544    ])
[0.55745794 3.39204559]
14      , nan         , array([ 0.558016   ,  22.9364    ])
[ 0.55745794 22.93635721]
16      , nan         , array([ 0.557458   ,  66.8817    ])
18      , nan         , array([ 0.557458   ,  66.9486    ])
[ 0.55745794 66.8817343 ]
20      , nan         , array([ 0.558016   ,  51.2272    ])
[ 0.55745794 51.22715511]
22      , nan         , array([ 0.557458   ,  84.1653    ])
24      , nan         , array([ 0.557458   ,  84.2495    ])
[ 0.55745794 84.16531702]
26      , nan         , array([ 0.558016   ,  4.13872    ])
[0.55745794 4.13872474]
28      , nan         , array([ 0.557458   ,  93.7033    ])
30      , nan         , array([ 0.557458   ,  93.7971    ])
[ 0.55745794 93.70332793]
32      , nan         , array([ 0.558016   ,  14.8844    ])
[ 0.55745794 14.88444286]
34      , nan         , array([ 0.557458   ,  40.5635    ])
36      , nan         , array([ 0.557458   ,  40.6041    ])
[ 0.55745794 40.56349321]
38      , nan         , array([ 0.558016   ,  64.0195    ])
[ 0.55745794 64.01952812]
40      , nan         , array([ 0.557458   ,  96.7246    ])
42      , nan         , array([ 0.557458   ,  96.8214    ])
[ 0.55745794 96.72458744]
44      , nan         , array([ 0.558016   ,  66.7267    ])
[ 0.55745794 66.72667033]
46      , nan         , array([ 0.557458   ,  68.0732    ])
48      , nan         , array([ 0.557458   ,  68.1413    ])
[ 0.55745794 68.07316049]
50      , nan         , array([ 0.558016   ,  80.408     ])
[ 0.55745794 80.4079508 ]
52      , nan         , array([ 0.557458   ,  23.5989    ])
54      , nan         , array([ 0.557458   ,  23.6225    ])
[ 0.55745794 23.59886304]
56      , nan         , array([ 0.558016   ,  98.7334    ])
[ 0.55745794 98.73338488]
58      , nan         , array([ 0.557458   ,  5.92086    ])
60      , nan         , array([ 0.557458   ,  5.92679    ])
[0.55745794 5.92086166]
62      , nan         , array([ 0.558016   ,  22.1114    ])
[ 0.55745794 22.11144753]
64      , nan         , array([ 0.557458   ,  38.6296    ])
66      , nan         , array([ 0.557458   ,  38.6683    ])
[ 0.55745794 38.62963165]
68      , nan         , array([ 0.558016   ,  98.0307    ])
[ 0.55745794 98.03071402]
70      , nan         , array([ 0.557458   ,  63.5592    ])
72      , nan         , array([ 0.557458   ,  63.6228    ])
[ 0.55745794 63.55922331]
74      , nan         , array([ 0.558016   ,  33.0941    ])
[ 0.55745794 33.09412274]
76      , nan         , array([ 8.87128    ,  43.0779    ])
78      , nan         , array([ 8.87128    ,  43.121     ])
[ 8.87128164 43.07791551]
80      , nan         , array([ 8.88016    ,  28.0124    ])
[ 8.87128164 28.01244815]
82      , nan         , array([ 8.87128    ,  16.8791    ])
84      , nan         , array([ 8.87128    ,  16.896     ])
[ 8.87128164 16.87910047]
86      , nan         , array([ 8.88016    ,  3.39205    ])
[8.87128164 3.39204559]
88      , nan         , array([ 8.87128    ,  22.9364    ])
90      , nan         , array([ 8.87128    ,  22.9593    ])
[ 8.87128164 22.93635721]
92      , nan         , array([ 8.88016    ,  66.8817    ])
[ 8.87128164 66.8817343 ]
94      , nan         , array([ 8.87128    ,  51.2272    ])
96      , nan         , array([ 8.87128    ,  51.2784    ])
[ 8.87128164 51.22715511]
98      , nan         , array([ 8.88016    ,  84.1653    ])
[ 8.87128164 84.16531702]
100     , nan         , array([ 8.87128    ,  4.13872    ])
102     , nan         , array([ 8.87128    ,  4.14287    ])
[8.87128164 4.13872474]
104     , nan         , array([ 8.88016    ,  93.7033    ])
[ 8.87128164 93.70332793]
106     , nan         , array([ 8.87128    ,  14.8844    ])
108     , nan         , array([ 8.87128    ,  14.8993    ])
[ 8.87128164 14.88444286]
110     , nan         , array([ 8.88016    ,  40.5635    ])
[ 8.87128164 40.56349321]
112     , nan         , array([ 8.87128    ,  64.0195    ])
114     , nan         , array([ 8.87128    ,  64.0836    ])
[ 8.87128164 64.01952812]
116     , nan         , array([ 8.88016    ,  96.7246    ])
[ 8.87128164 96.72458744]
118     , nan         , array([ 8.87128    ,  66.7267    ])
120     , nan         , array([ 8.87128    ,  66.7934    ])
[ 8.87128164 66.72667033]
122     , nan         , array([ 8.88016    ,  68.0732    ])
[ 8.87128164 68.07316049]
124     , nan         , array([ 8.87128    ,  80.408     ])
126     , nan         , array([ 8.87128    ,  80.4884    ])
[ 8.87128164 80.4079508 ]
128     , nan         , array([ 8.88016    ,  23.5989    ])
[ 8.87128164 23.59886304]
130     , nan         , array([ 8.87128    ,  98.7334    ])
132     , nan         , array([ 8.87128    ,  98.8322    ])
[ 8.87128164 98.73338488]
134     , nan         , array([ 8.88016    ,  5.92086    ])
[8.87128164 5.92086166]
136     , nan         , array([ 8.87128    ,  22.1114    ])
138     , nan         , array([ 8.87128    ,  22.1336    ])
[ 8.87128164 22.11144753]
140     , nan         , array([ 8.88016    ,  38.6296    ])
[ 8.87128164 38.62963165]
142     , nan         , array([ 8.87128    ,  98.0307    ])
144     , nan         , array([ 8.87128    ,  98.1288    ])
[ 8.87128164 98.03071402]
146     , nan         , array([ 8.88016    ,  63.5592    ])
[ 8.87128164 63.55922331]
148     , nan         , array([ 8.87128    ,  33.0941    ])
150     , nan         , array([ 8.87128    ,  33.1272    ])
[ 8.87128164 33.09412274]
152     , nan         , array([ 0.0829889  ,  43.0779    ])
[ 0.082906   43.07791551]
154     , nan         , array([ 0.082906   ,  28.0124    ])
156     , nan         , array([ 0.082906   ,  28.0405    ])
[ 0.082906   28.01244815]
158     , nan         , array([ 0.0829889  ,  16.8791    ])
[ 0.082906   16.87910047]
160     , nan         , array([ 0.082906   ,  3.39205    ])
162     , nan         , array([ 0.082906   ,  3.39544    ])
[0.082906   3.39204559]
164     , nan         , array([ 0.0829889  ,  22.9364    ])
[ 0.082906   22.93635721]
166     , nan         , array([ 0.082906   ,  66.8817    ])
168     , nan         , array([ 0.082906   ,  66.9486    ])
[ 0.082906  66.8817343]
170     , nan         , array([ 0.0829889  ,  51.2272    ])
[ 0.082906   51.22715511]
172     , nan         , array([ 0.082906   ,  84.1653    ])
174     , nan         , array([ 0.082906   ,  84.2495    ])
[8.29060023e-02 8.41653170e+01]
176     , nan         , array([ 0.0829889  ,  4.13872    ])
[0.082906   4.13872474]
178     , nan         , array([ 0.082906   ,  93.7033    ])
180     , nan         , array([ 0.082906   ,  93.7971    ])
[8.29060023e-02 9.37033279e+01]
182     , nan         , array([ 0.0829889  ,  14.8844    ])
[ 0.082906   14.88444286]
184     , nan         , array([ 0.082906   ,  40.5635    ])
186     , nan         , array([ 0.082906   ,  40.6041    ])
[ 0.082906   40.56349321]
188     , nan         , array([ 0.0829889  ,  64.0195    ])
[ 0.082906   64.01952812]
190     , nan         , array([ 0.082906   ,  96.7246    ])
192     , nan         , array([ 0.082906   ,  96.8214    ])
[8.29060023e-02 9.67245874e+01]
194     , nan         , array([ 0.0829889  ,  66.7267    ])
[ 0.082906   66.72667033]
196     , nan         , array([ 0.082906   ,  68.0732    ])
198     , nan         , array([ 0.082906   ,  68.1413    ])
[ 0.082906   68.07316049]
200     , nan         , array([ 0.0829889  ,  80.408     ])
[ 0.082906  80.4079508]
202     , nan         , array([ 0.082906   ,  23.5989    ])
204     , nan         , array([ 0.082906   ,  23.6225    ])
[ 0.082906   23.59886304]
206     , nan         , array([ 0.0829889  ,  98.7334    ])
[8.29060023e-02 9.87333849e+01]
208     , nan         , array([ 0.082906   ,  5.92086    ])
210     , nan         , array([ 0.082906   ,  5.92679    ])
[0.082906   5.92086166]
212     , nan         , array([ 0.0829889  ,  22.1114    ])
[ 0.082906   22.11144753]
214     , nan         , array([ 0.082906   ,  38.6296    ])
216     , nan         , array([ 0.082906   ,  38.6683    ])
[ 0.082906   38.62963165]
218     , nan         , array([ 0.0829889  ,  98.0307    ])
[8.29060023e-02 9.80307140e+01]
220     , nan         , array([ 0.082906   ,  63.5592    ])
222     , nan         , array([ 0.082906   ,  63.6228    ])
[ 0.082906   63.55922331]
224     , nan         , array([ 0.0829889  ,  33.0941    ])
[ 0.082906   33.09412274]
226     , nan         , array([ 6.18142    ,  43.0779    ])
228     , nan         , array([ 6.18142    ,  43.121     ])
[ 6.18142101 43.07791551]
230     , nan         , array([ 6.18761    ,  28.0124    ])
[ 6.18142101 28.01244815]
232     , nan         , array([ 6.18142    ,  16.8791    ])
234     , nan         , array([ 6.18142    ,  16.896     ])
[ 6.18142101 16.87910047]
236     , nan         , array([ 6.18761    ,  3.39205    ])
[6.18142101 3.39204559]
238     , nan         , array([ 6.18142    ,  22.9364    ])
240     , nan         , array([ 6.18142    ,  22.9593    ])
[ 6.18142101 22.93635721]
242     , nan         , array([ 6.18761    ,  66.8817    ])
[ 6.18142101 66.8817343 ]
244     , nan         , array([ 6.18142    ,  51.2272    ])
246     , nan         , array([ 6.18142    ,  51.2784    ])
[ 6.18142101 51.22715511]
248     , nan         , array([ 6.18761    ,  84.1653    ])
[ 6.18142101 84.16531702]
250     , nan         , array([ 6.18142    ,  4.13872    ])
252     , nan         , array([ 6.18142    ,  4.14287    ])
[6.18142101 4.13872474]
254     , nan         , array([ 6.18761    ,  93.7033    ])
[ 6.18142101 93.70332793]
256     , nan         , array([ 6.18142    ,  14.8844    ])
258     , nan         , array([ 6.18142    ,  14.8993    ])
[ 6.18142101 14.88444286]
260     , nan         , array([ 6.18761    ,  40.5635    ])
[ 6.18142101 40.56349321]
262     , nan         , array([ 6.18142    ,  64.0195    ])
264     , nan         , array([ 6.18142    ,  64.0836    ])
[ 6.18142101 64.01952812]
266     , nan         , array([ 6.18761    ,  96.7246    ])
[ 6.18142101 96.72458744]
268     , nan         , array([ 6.18142    ,  66.7267    ])
270     , nan         , array([ 6.18142    ,  66.7934    ])
[ 6.18142101 66.72667033]
272     , nan         , array([ 6.18761    ,  68.0732    ])
[ 6.18142101 68.07316049]
274     , nan         , array([ 6.18142    ,  80.408     ])
276     , nan         , array([ 6.18142    ,  80.4884    ])
[ 6.18142101 80.4079508 ]
278     , nan         , array([ 6.18761    ,  23.5989    ])
[ 6.18142101 23.59886304]
280     , nan         , array([ 6.18142    ,  98.7334    ])
282     , nan         , array([ 6.18142    ,  98.8322    ])
[ 6.18142101 98.73338488]
284     , nan         , array([ 6.18761    ,  5.92086    ])
[6.18142101 5.92086166]
286     , nan         , array([ 6.18142    ,  22.1114    ])
288     , nan         , array([ 6.18142    ,  22.1336    ])
[ 6.18142101 22.11144753]
290     , nan         , array([ 6.18761    ,  38.6296    ])
[ 6.18142101 38.62963165]
292     , nan         , array([ 6.18142    ,  98.0307    ])
294     , nan         , array([ 6.18142    ,  98.1288    ])
[ 6.18142101 98.03071402]
296     , nan         , array([ 6.18761    ,  63.5592    ])
[ 6.18142101 63.55922331]
298     , nan         , array([ 6.18142    ,  33.0941    ])
300     , nan         , array([ 6.18142    ,  33.1272    ])
[ 6.18142101 33.09412274]
302     , nan         , array([ 0.648808   ,  43.0779    ])
[ 0.64815935 43.07791551]
304     , nan         , array([ 0.648159   ,  28.0124    ])
306     , nan         , array([ 0.648159   ,  28.0405    ])
[ 0.64815935 28.01244815]
308     , nan         , array([ 0.648808   ,  16.8791    ])
[ 0.64815935 16.87910047]
310     , nan         , array([ 0.648159   ,  3.39205    ])
312     , nan         , array([ 0.648159   ,  3.39544    ])
[0.64815935 3.39204559]
314     , nan         , array([ 0.648808   ,  22.9364    ])
[ 0.64815935 22.93635721]
316     , nan         , array([ 0.648159   ,  66.8817    ])
318     , nan         , array([ 0.648159   ,  66.9486    ])
[ 0.64815935 66.8817343 ]
320     , nan         , array([ 0.648808   ,  51.2272    ])
[ 0.64815935 51.22715511]
322     , nan         , array([ 0.648159   ,  84.1653    ])
324     , nan         , array([ 0.648159   ,  84.2495    ])
[ 0.64815935 84.16531702]
326     , nan         , array([ 0.648808   ,  4.13872    ])
[0.64815935 4.13872474]
328     , nan         , array([ 0.648159   ,  93.7033    ])
330     , nan         , array([ 0.648159   ,  93.7971    ])
[ 0.64815935 93.70332793]
332     , nan         , array([ 0.648808   ,  14.8844    ])
[ 0.64815935 14.88444286]
334     , nan         , array([ 0.648159   ,  40.5635    ])
336     , nan         , array([ 0.648159   ,  40.6041    ])
[ 0.64815935 40.56349321]
338     , nan         , array([ 0.648808   ,  64.0195    ])
[ 0.64815935 64.01952812]
340     , nan         , array([ 0.648159   ,  96.7246    ])
342     , nan         , array([ 0.648159   ,  96.8214    ])
[ 0.64815935 96.72458744]
344     , nan         , array([ 0.648808   ,  66.7267    ])
[ 0.64815935 66.72667033]
346     , nan         , array([ 0.648159   ,  68.0732    ])
348     , nan         , array([ 0.648159   ,  68.1413    ])
[ 0.64815935 68.07316049]
350     , nan         , array([ 0.648808   ,  80.408     ])
[ 0.64815935 80.4079508 ]
352     , nan         , array([ 0.648159   ,  23.5989    ])
354     , nan         , array([ 0.648159   ,  23.6225    ])
[ 0.64815935 23.59886304]
356     , nan         , array([ 0.648808   ,  98.7334    ])
[ 0.64815935 98.73338488]
358     , nan         , array([ 0.648159   ,  5.92086    ])
360     , nan         , array([ 0.648159   ,  5.92679    ])
[0.64815935 5.92086166]
362     , nan         , array([ 0.648808   ,  22.1114    ])
[ 0.64815935 22.11144753]
364     , nan         , array([ 0.648159   ,  38.6296    ])
366     , nan         , array([ 0.648159   ,  38.6683    ])
[ 0.64815935 38.62963165]
368     , nan         , array([ 0.648808   ,  98.0307    ])
[ 0.64815935 98.03071402]
370     , nan         , array([ 0.648159   ,  63.5592    ])
372     , nan         , array([ 0.648159   ,  63.6228    ])
[ 0.64815935 63.55922331]
374     , nan         , array([ 0.648808   ,  33.0941    ])
[ 0.64815935 33.09412274]
376     , nan         , array([ 1.57295    ,  43.0779    ])
378     , nan         , array([ 1.57295    ,  43.121     ])
[ 1.57295034 43.07791551]
380     , nan         , array([ 1.57452    ,  28.0124    ])
[ 1.57295034 28.01244815]
382     , nan         , array([ 1.57295    ,  16.8791    ])
384     , nan         , array([ 1.57295    ,  16.896     ])
[ 1.57295034 16.87910047]
386     , nan         , array([ 1.57452    ,  3.39205    ])
[1.57295034 3.39204559]
388     , nan         , array([ 1.57295    ,  22.9364    ])
390     , nan         , array([ 1.57295    ,  22.9593    ])
[ 1.57295034 22.93635721]
392     , nan         , array([ 1.57452    ,  66.8817    ])
[ 1.57295034 66.8817343 ]
394     , nan         , array([ 1.57295    ,  51.2272    ])
396     , nan         , array([ 1.57295    ,  51.2784    ])
[ 1.57295034 51.22715511]
398     , nan         , array([ 1.57452    ,  84.1653    ])
[ 1.57295034 84.16531702]
400     , nan         , array([ 1.57295    ,  4.13872    ])
402     , nan         , array([ 1.57295    ,  4.14287    ])
[1.57295034 4.13872474]
404     , nan         , array([ 1.57452    ,  93.7033    ])
[ 1.57295034 93.70332793]
406     , nan         , array([ 1.57295    ,  14.8844    ])
408     , nan         , array([ 1.57295    ,  14.8993    ])
[ 1.57295034 14.88444286]
410     , nan         , array([ 1.57452    ,  40.5635    ])
[ 1.57295034 40.56349321]
412     , nan         , array([ 1.57295    ,  64.0195    ])
414     , nan         , array([ 1.57295    ,  64.0836    ])
[ 1.57295034 64.01952812]
416     , nan         , array([ 1.57452    ,  96.7246    ])
[ 1.57295034 96.72458744]
418     , nan         , array([ 1.57295    ,  66.7267    ])
420     , nan         , array([ 1.57295    ,  66.7934    ])
[ 1.57295034 66.72667033]
422     , nan         , array([ 1.57452    ,  68.0732    ])
[ 1.57295034 68.07316049]
424     , nan         , array([ 1.57295    ,  80.408     ])
426     , nan         , array([ 1.57295    ,  80.4884    ])
[ 1.57295034 80.4079508 ]
428     , nan         , array([ 1.57452    ,  23.5989    ])
[ 1.57295034 23.59886304]
430     , nan         , array([ 1.57295    ,  98.7334    ])
432     , nan         , array([ 1.57295    ,  98.8322    ])
[ 1.57295034 98.73338488]
434     , nan         , array([ 1.57452    ,  5.92086    ])
[1.57295034 5.92086166]
436     , nan         , array([ 1.57295    ,  22.1114    ])
438     , nan         , array([ 1.57295    ,  22.1336    ])
[ 1.57295034 22.11144753]
440     , nan         , array([ 1.57452    ,  38.6296    ])
[ 1.57295034 38.62963165]
442     , nan         , array([ 1.57295    ,  98.0307    ])
444     , nan         , array([ 1.57295    ,  98.1288    ])
[ 1.57295034 98.03071402]
446     , nan         , array([ 1.57452    ,  63.5592    ])
[ 1.57295034 63.55922331]
448     , nan         , array([ 1.57295    ,  33.0941    ])
450     , nan         , array([ 1.57295    ,  33.1272    ])
[ 1.57295034 33.09412274]
452     , nan         , array([ 0.517325   ,  43.0779    ])
[ 0.51680806 43.07791551]
454     , nan         , array([ 0.516808   ,  28.0124    ])
456     , nan         , array([ 0.516808   ,  28.0405    ])
[ 0.51680806 28.01244815]
458     , nan         , array([ 0.517325   ,  16.8791    ])
[ 0.51680806 16.87910047]
460     , nan         , array([ 0.516808   ,  3.39205    ])
462     , nan         , array([ 0.516808   ,  3.39544    ])
[0.51680806 3.39204559]
464     , nan         , array([ 0.517325   ,  22.9364    ])
[ 0.51680806 22.93635721]
466     , nan         , array([ 0.516808   ,  66.8817    ])
468     , nan         , array([ 0.516808   ,  66.9486    ])
[ 0.51680806 66.8817343 ]
470     , nan         , array([ 0.517325   ,  51.2272    ])
[ 0.51680806 51.22715511]
472     , nan         , array([ 0.516808   ,  84.1653    ])
474     , nan         , array([ 0.516808   ,  84.2495    ])
[ 0.51680806 84.16531702]
476     , nan         , array([ 0.517325   ,  4.13872    ])
[0.51680806 4.13872474]
478     , nan         , array([ 0.516808   ,  93.7033    ])
480     , nan         , array([ 0.516808   ,  93.7971    ])
[ 0.51680806 93.70332793]
482     , nan         , array([ 0.517325   ,  14.8844    ])
[ 0.51680806 14.88444286]
484     , nan         , array([ 0.516808   ,  40.5635    ])
486     , nan         , array([ 0.516808   ,  40.6041    ])
[ 0.51680806 40.56349321]
488     , nan         , array([ 0.517325   ,  64.0195    ])
[ 0.51680806 64.01952812]
490     , nan         , array([ 0.516808   ,  96.7246    ])
492     , nan         , array([ 0.516808   ,  96.8214    ])
[ 0.51680806 96.72458744]
494     , nan         , array([ 0.517325   ,  66.7267    ])
[ 0.51680806 66.72667033]
496     , nan         , array([ 0.516808   ,  68.0732    ])
498     , nan         , array([ 0.516808   ,  68.1413    ])
[ 0.51680806 68.07316049]
500     , nan         , array([ 0.517325   ,  80.408     ])
[ 0.51680806 80.4079508 ]
502     , nan         , array([ 0.516808   ,  23.5989    ])
504     , nan         , array([ 0.516808   ,  23.6225    ])
[ 0.51680806 23.59886304]
506     , nan         , array([ 0.517325   ,  98.7334    ])
[ 0.51680806 98.73338488]
508     , nan         , array([ 0.516808   ,  5.92086    ])
510     , nan         , array([ 0.516808   ,  5.92679    ])
[0.51680806 5.92086166]
512     , nan         , array([ 0.517325   ,  22.1114    ])
[ 0.51680806 22.11144753]
514     , nan         , array([ 0.516808   ,  38.6296    ])
516     , nan         , array([ 0.516808   ,  38.6683    ])
[ 0.51680806 38.62963165]
518     , nan         , array([ 0.517325   ,  98.0307    ])
[ 0.51680806 98.03071402]
520     , nan         , array([ 0.516808   ,  63.5592    ])
522     , nan         , array([ 0.516808   ,  63.6228    ])
[ 0.51680806 63.55922331]
524     , nan         , array([ 0.517325   ,  33.0941    ])
[ 0.51680806 33.09412274]
526     , nan         , array([ 9.95569    ,  43.0779    ])
528     , nan         , array([ 9.95569    ,  43.121     ])
[ 9.95568548 43.07791551]
530     , nan         , array([ 9.96565    ,  28.0124    ])
[ 9.95568548 28.01244815]
532     , nan         , array([ 9.95569    ,  16.8791    ])
534     , nan         , array([ 9.95569    ,  16.896     ])
[ 9.95568548 16.87910047]
536     , nan         , array([ 9.96565    ,  3.39205    ])
[9.95568548 3.39204559]
538     , nan         , array([ 9.95569    ,  22.9364    ])
540     , nan         , array([ 9.95569    ,  22.9593    ])
[ 9.95568548 22.93635721]
542     , nan         , array([ 9.96565    ,  66.8817    ])
[ 9.95568548 66.8817343 ]
544     , nan         , array([ 9.95569    ,  51.2272    ])
546     , nan         , array([ 9.95569    ,  51.2784    ])
[ 9.95568548 51.22715511]
548     , nan         , array([ 9.96565    ,  84.1653    ])
[ 9.95568548 84.16531702]
550     , nan         , array([ 9.95569    ,  4.13872    ])
552     , nan         , array([ 9.95569    ,  4.14287    ])
[9.95568548 4.13872474]
554     , nan         , array([ 9.96565    ,  93.7033    ])
[ 9.95568548 93.70332793]
556     , nan         , array([ 9.95569    ,  14.8844    ])
558     , nan         , array([ 9.95569    ,  14.8993    ])
[ 9.95568548 14.88444286]
560     , nan         , array([ 9.96565    ,  40.5635    ])
[ 9.95568548 40.56349321]
562     , nan         , array([ 9.95569    ,  64.0195    ])
564     , nan         , array([ 9.95569    ,  64.0836    ])
[ 9.95568548 64.01952812]
566     , nan         , array([ 9.96565    ,  96.7246    ])
[ 9.95568548 96.72458744]
568     , nan         , array([ 9.95569    ,  66.7267    ])
570     , nan         , array([ 9.95569    ,  66.7934    ])
[ 9.95568548 66.72667033]
572     , nan         , array([ 9.96565    ,  68.0732    ])
[ 9.95568548 68.07316049]
574     , nan         , array([ 9.95569    ,  80.408     ])
576     , nan         , array([ 9.95569    ,  80.4884    ])
[ 9.95568548 80.4079508 ]
578     , nan         , array([ 9.96565    ,  23.5989    ])
[ 9.95568548 23.59886304]
580     , nan         , array([ 9.95569    ,  98.7334    ])
582     , nan         , array([ 9.95569    ,  98.8322    ])
[ 9.95568548 98.73338488]
584     , nan         , array([ 9.96565    ,  5.92086    ])
[9.95568548 5.92086166]
586     , nan         , array([ 9.95569    ,  22.1114    ])
588     , nan         , array([ 9.95569    ,  22.1336    ])
[ 9.95568548 22.11144753]
590     , nan         , array([ 9.96565    ,  38.6296    ])
[ 9.95568548 38.62963165]
592     , nan         , array([ 9.95569    ,  98.0307    ])
594     , nan         , array([ 9.95569    ,  98.1288    ])
[ 9.95568548 98.03071402]
596     , nan         , array([ 9.96565    ,  63.5592    ])
[ 9.95568548 63.55922331]
598     , nan         , array([ 9.95569    ,  33.0941    ])
600     , nan         , array([ 9.95569    ,  33.1272    ])
[ 9.95568548 33.09412274]
602     , nan         , array([ 3.70543    ,  43.0779    ])
[ 3.70172404 43.07791551]
604     , nan         , array([ 3.70172    ,  28.0124    ])
606     , nan         , array([ 3.70172    ,  28.0405    ])
[ 3.70172404 28.01244815]
608     , nan         , array([ 3.70543    ,  16.8791    ])
[ 3.70172404 16.87910047]
610     , nan         , array([ 3.70172    ,  3.39205    ])
612     , nan         , array([ 3.70172    ,  3.39544    ])
[3.70172404 3.39204559]
614     , nan         , array([ 3.70543    ,  22.9364    ])
[ 3.70172404 22.93635721]
616     , nan         , array([ 3.70172    ,  66.8817    ])
618     , nan         , array([ 3.70172    ,  66.9486    ])
[ 3.70172404 66.8817343 ]
620     , nan         , array([ 3.70543    ,  51.2272    ])
[ 3.70172404 51.22715511]
622     , nan         , array([ 3.70172    ,  84.1653    ])
624     , nan         , array([ 3.70172    ,  84.2495    ])
[ 3.70172404 84.16531702]
626     , nan         , array([ 3.70543    ,  4.13872    ])
[3.70172404 4.13872474]
628     , nan         , array([ 3.70172    ,  93.7033    ])
630     , nan         , array([ 3.70172    ,  93.7971    ])
[ 3.70172404 93.70332793]
632     , nan         , array([ 3.70543    ,  14.8844    ])
[ 3.70172404 14.88444286]
634     , nan         , array([ 3.70172    ,  40.5635    ])
636     , nan         , array([ 3.70172    ,  40.6041    ])
[ 3.70172404 40.56349321]
638     , nan         , array([ 3.70543    ,  64.0195    ])
[ 3.70172404 64.01952812]
640     , nan         , array([ 3.70172    ,  96.7246    ])
642     , nan         , array([ 3.70172    ,  96.8214    ])
[ 3.70172404 96.72458744]
644     , nan         , array([ 3.70543    ,  66.7267    ])
[ 3.70172404 66.72667033]
646     , nan         , array([ 3.70172    ,  68.0732    ])
648     , nan         , array([ 3.70172    ,  68.1413    ])
[ 3.70172404 68.07316049]
650     , nan         , array([ 3.70543    ,  80.408     ])
[ 3.70172404 80.4079508 ]
652     , nan         , array([ 3.70172    ,  23.5989    ])
654     , nan         , array([ 3.70172    ,  23.6225    ])
[ 3.70172404 23.59886304]
656     , nan         , array([ 3.70543    ,  98.7334    ])
[ 3.70172404 98.73338488]
658     , nan         , array([ 3.70172    ,  5.92086    ])
660     , nan         , array([ 3.70172    ,  5.92679    ])
[3.70172404 5.92086166]
662     , nan         , array([ 3.70543    ,  22.1114    ])
[ 3.70172404 22.11144753]
664     , nan         , array([ 3.70172    ,  38.6296    ])
666     , nan         , array([ 3.70172    ,  38.6683    ])
[ 3.70172404 38.62963165]
668     , nan         , array([ 3.70543    ,  98.0307    ])
[ 3.70172404 98.03071402]
670     , nan         , array([ 3.70172    ,  63.5592    ])
672     , nan         , array([ 3.70172    ,  63.6228    ])
[ 3.70172404 63.55922331]
674     , nan         , array([ 3.70543    ,  33.0941    ])
[ 3.70172404 33.09412274]
676     , nan         , array([ 3.1237     ,  43.0779    ])
678     , nan         , array([ 3.1237     ,  43.121     ])
[ 3.12369671 43.07791551]
680     , nan         , array([ 3.12682    ,  28.0124    ])
[ 3.12369671 28.01244815]
682     , nan         , array([ 3.1237     ,  16.8791    ])
684     , nan         , array([ 3.1237     ,  16.896     ])
[ 3.12369671 16.87910047]
686     , nan         , array([ 3.12682    ,  3.39205    ])
[3.12369671 3.39204559]
688     , nan         , array([ 3.1237     ,  22.9364    ])
690     , nan         , array([ 3.1237     ,  22.9593    ])
[ 3.12369671 22.93635721]
692     , nan         , array([ 3.12682    ,  66.8817    ])
[ 3.12369671 66.8817343 ]
694     , nan         , array([ 3.1237     ,  51.2272    ])
696     , nan         , array([ 3.1237     ,  51.2784    ])
[ 3.12369671 51.22715511]
698     , nan         , array([ 3.12682    ,  84.1653    ])
[ 3.12369671 84.16531702]
700     , nan         , array([ 3.1237     ,  4.13872    ])
702     , nan         , array([ 3.1237     ,  4.14287    ])
[3.12369671 4.13872474]
704     , nan         , array([ 3.12682    ,  93.7033    ])
[ 3.12369671 93.70332793]
706     , nan         , array([ 3.1237     ,  14.8844    ])
708     , nan         , array([ 3.1237     ,  14.8993    ])
[ 3.12369671 14.88444286]
710     , nan         , array([ 3.12682    ,  40.5635    ])
[ 3.12369671 40.56349321]
712     , nan         , array([ 3.1237     ,  64.0195    ])
714     , nan         , array([ 3.1237     ,  64.0836    ])
[ 3.12369671 64.01952812]
716     , nan         , array([ 3.12682    ,  96.7246    ])
[ 3.12369671 96.72458744]
718     , nan         , array([ 3.1237     ,  66.7267    ])
720     , nan         , array([ 3.1237     ,  66.7934    ])
[ 3.12369671 66.72667033]
722     , nan         , array([ 3.12682    ,  68.0732    ])
[ 3.12369671 68.07316049]
724     , nan         , array([ 3.1237     ,  80.408     ])
726     , nan         , array([ 3.1237     ,  80.4884    ])
[ 3.12369671 80.4079508 ]
728     , nan         , array([ 3.12682    ,  23.5989    ])
[ 3.12369671 23.59886304]
730     , nan         , array([ 3.1237     ,  98.7334    ])
732     , nan         , array([ 3.1237     ,  98.8322    ])
[ 3.12369671 98.73338488]
734     , nan         , array([ 3.12682    ,  5.92086    ])
[3.12369671 5.92086166]
736     , nan         , array([ 3.1237     ,  22.1114    ])
738     , nan         , array([ 3.1237     ,  22.1336    ])
[ 3.12369671 22.11144753]
740     , nan         , array([ 3.12682    ,  38.6296    ])
[ 3.12369671 38.62963165]
742     , nan         , array([ 3.1237     ,  98.0307    ])
744     , nan         , array([ 3.1237     ,  98.1288    ])
[ 3.12369671 98.03071402]
746     , nan         , array([ 3.12682    ,  63.5592    ])
[ 3.12369671 63.55922331]
748     , nan         , array([ 3.1237     ,  33.0941    ])
750     , nan         , array([ 3.1237     ,  33.1272    ])
[ 3.12369671 33.09412274]
752     , nan         , array([ 1.1984     ,  43.0779    ])
[ 1.19719722 43.07791551]
754     , nan         , array([ 1.1972     ,  28.0124    ])
756     , nan         , array([ 1.1972     ,  28.0405    ])
[ 1.19719722 28.01244815]
758     , nan         , array([ 1.1984     ,  16.8791    ])
[ 1.19719722 16.87910047]
760     , nan         , array([ 1.1972     ,  3.39205    ])
762     , nan         , array([ 1.1972     ,  3.39544    ])
[1.19719722 3.39204559]
764     , nan         , array([ 1.1984     ,  22.9364    ])
[ 1.19719722 22.93635721]
766     , nan         , array([ 1.1972     ,  66.8817    ])
768     , nan         , array([ 1.1972     ,  66.9486    ])
[ 1.19719722 66.8817343 ]
770     , nan         , array([ 1.1984     ,  51.2272    ])
[ 1.19719722 51.22715511]
772     , nan         , array([ 1.1972     ,  84.1653    ])
774     , nan         , array([ 1.1972     ,  84.2495    ])
[ 1.19719722 84.16531702]
776     , nan         , array([ 1.1984     ,  4.13872    ])
[1.19719722 4.13872474]
778     , nan         , array([ 1.1972     ,  93.7033    ])
780     , nan         , array([ 1.1972     ,  93.7971    ])
[ 1.19719722 93.70332793]
782     , nan         , array([ 1.1984     ,  14.8844    ])
[ 1.19719722 14.88444286]
784     , nan         , array([ 1.1972     ,  40.5635    ])
786     , nan         , array([ 1.1972     ,  40.6041    ])
[ 1.19719722 40.56349321]
788     , nan         , array([ 1.1984     ,  64.0195    ])
[ 1.19719722 64.01952812]
790     , nan         , array([ 1.1972     ,  96.7246    ])
792     , nan         , array([ 1.1972     ,  96.8214    ])
[ 1.19719722 96.72458744]
794     , nan         , array([ 1.1984     ,  66.7267    ])
[ 1.19719722 66.72667033]
796     , nan         , array([ 1.1972     ,  68.0732    ])
798     , nan         , array([ 1.1972     ,  68.1413    ])
[ 1.19719722 68.07316049]
800     , nan         , array([ 1.1984     ,  80.408     ])
[ 1.19719722 80.4079508 ]
802     , nan         , array([ 1.1972     ,  23.5989    ])
804     , nan         , array([ 1.1972     ,  23.6225    ])
[ 1.19719722 23.59886304]
806     , nan         , array([ 1.1984     ,  98.7334    ])
[ 1.19719722 98.73338488]
808     , nan         , array([ 1.1972     ,  5.92086    ])
810     , nan         , array([ 1.1972     ,  5.92679    ])
[1.19719722 5.92086166]
812     , nan         , array([ 1.1984     ,  22.1114    ])
[ 1.19719722 22.11144753]
814     , nan         , array([ 1.1972     ,  38.6296    ])
816     , nan         , array([ 1.1972     ,  38.6683    ])
[ 1.19719722 38.62963165]
818     , nan         , array([ 1.1984     ,  98.0307    ])
[ 1.19719722 98.03071402]
820     , nan         , array([ 1.1972     ,  63.5592    ])
822     , nan         , array([ 1.1972     ,  63.6228    ])
[ 1.19719722 63.55922331]
824     , nan         , array([ 1.1984     ,  33.0941    ])
[ 1.19719722 33.09412274]
826     , nan         , array([ 0.709897   ,  43.0779    ])
828     , nan         , array([ 0.709897   ,  43.121     ])
[ 0.70989744 43.07791551]
830     , nan         , array([ 0.710608   ,  28.0124    ])
[ 0.70989744 28.01244815]
832     , nan         , array([ 0.709897   ,  16.8791    ])
834     , nan         , array([ 0.709897   ,  16.896     ])
[ 0.70989744 16.87910047]
836     , nan         , array([ 0.710608   ,  3.39205    ])
[0.70989744 3.39204559]
838     , nan         , array([ 0.709897   ,  22.9364    ])
840     , nan         , array([ 0.709897   ,  22.9593    ])
[ 0.70989744 22.93635721]
842     , nan         , array([ 0.710608   ,  66.8817    ])
[ 0.70989744 66.8817343 ]
844     , nan         , array([ 0.709897   ,  51.2272    ])
846     , nan         , array([ 0.709897   ,  51.2784    ])
[ 0.70989744 51.22715511]
848     , nan         , array([ 0.710608   ,  84.1653    ])
[ 0.70989744 84.16531702]
850     , nan         , array([ 0.709897   ,  4.13872    ])
852     , nan         , array([ 0.709897   ,  4.14287    ])
[0.70989744 4.13872474]
854     , nan         , array([ 0.710608   ,  93.7033    ])
[ 0.70989744 93.70332793]
856     , nan         , array([ 0.709897   ,  14.8844    ])
858     , nan         , array([ 0.709897   ,  14.8993    ])
[ 0.70989744 14.88444286]
860     , nan         , array([ 0.710608   ,  40.5635    ])
[ 0.70989744 40.56349321]
862     , nan         , array([ 0.709897   ,  64.0195    ])
864     , nan         , array([ 0.709897   ,  64.0836    ])
[ 0.70989744 64.01952812]
866     , nan         , array([ 0.710608   ,  96.7246    ])
[ 0.70989744 96.72458744]
868     , nan         , array([ 0.709897   ,  66.7267    ])
870     , nan         , array([ 0.709897   ,  66.7934    ])
[ 0.70989744 66.72667033]
872     , nan         , array([ 0.710608   ,  68.0732    ])
[ 0.70989744 68.07316049]
874     , nan         , array([ 0.709897   ,  80.408     ])
876     , nan         , array([ 0.709897   ,  80.4884    ])
[ 0.70989744 80.4079508 ]
878     , nan         , array([ 0.710608   ,  23.5989    ])
[ 0.70989744 23.59886304]
880     , nan         , array([ 0.709897   ,  98.7334    ])
882     , nan         , array([ 0.709897   ,  98.8322    ])
[ 0.70989744 98.73338488]
884     , nan         , array([ 0.710608   ,  5.92086    ])
[0.70989744 5.92086166]
886     , nan         , array([ 0.709897   ,  22.1114    ])
888     , nan         , array([ 0.709897   ,  22.1336    ])
[ 0.70989744 22.11144753]
890     , nan         , array([ 0.710608   ,  38.6296    ])
[ 0.70989744 38.62963165]
892     , nan         , array([ 0.709897   ,  98.0307    ])
894     , nan         , array([ 0.709897   ,  98.1288    ])
[ 0.70989744 98.03071402]
896     , nan         , array([ 0.710608   ,  63.5592    ])
[ 0.70989744 63.55922331]
898     , nan         , array([ 0.709897   ,  33.0941    ])
900     , nan         , array([ 0.709897   ,  33.1272    ])
[ 0.70989744 33.09412274]
902     , nan         , array([ 9.95676    ,  43.0779    ])
[ 9.94681097 43.07791551]
904     , nan         , array([ 9.94681    ,  28.0124    ])
906     , nan         , array([ 9.94681    ,  28.0405    ])
[ 9.94681097 28.01244815]
908     , nan         , array([ 9.95676    ,  16.8791    ])
[ 9.94681097 16.87910047]
910     , nan         , array([ 9.94681    ,  3.39205    ])
912     , nan         , array([ 9.94681    ,  3.39544    ])
[9.94681097 3.39204559]
914     , nan         , array([ 9.95676    ,  22.9364    ])
[ 9.94681097 22.93635721]
916     , nan         , array([ 9.94681    ,  66.8817    ])
918     , nan         , array([ 9.94681    ,  66.9486    ])
[ 9.94681097 66.8817343 ]
920     , nan         , array([ 9.95676    ,  51.2272    ])
[ 9.94681097 51.22715511]
922     , nan         , array([ 9.94681    ,  84.1653    ])
924     , nan         , array([ 9.94681    ,  84.2495    ])
[ 9.94681097 84.16531702]
926     , nan         , array([ 9.95676    ,  4.13872    ])
[9.94681097 4.13872474]
928     , nan         , array([ 9.94681    ,  93.7033    ])
930     , nan         , array([ 9.94681    ,  93.7971    ])
[ 9.94681097 93.70332793]
932     , nan         , array([ 9.95676    ,  14.8844    ])
[ 9.94681097 14.88444286]
934     , nan         , array([ 9.94681    ,  40.5635    ])
936     , nan         , array([ 9.94681    ,  40.6041    ])
[ 9.94681097 40.56349321]
938     , nan         , array([ 9.95676    ,  64.0195    ])
[ 9.94681097 64.01952812]
940     , nan         , array([ 9.94681    ,  96.7246    ])
942     , nan         , array([ 9.94681    ,  96.8214    ])
[ 9.94681097 96.72458744]
944     , nan         , array([ 9.95676    ,  66.7267    ])
[ 9.94681097 66.72667033]
946     , nan         , array([ 9.94681    ,  68.0732    ])
948     , nan         , array([ 9.94681    ,  68.1413    ])
[ 9.94681097 68.07316049]
950     , nan         , array([ 9.95676    ,  80.408     ])
[ 9.94681097 80.4079508 ]
952     , nan         , array([ 9.94681    ,  23.5989    ])
954     , nan         , array([ 9.94681    ,  23.6225    ])
[ 9.94681097 23.59886304]
956     , nan         , array([ 9.95676    ,  98.7334    ])
[ 9.94681097 98.73338488]
958     , nan         , array([ 9.94681    ,  5.92086    ])
960     , nan         , array([ 9.94681    ,  5.92679    ])
[9.94681097 5.92086166]
962     , nan         , array([ 9.95676    ,  22.1114    ])
[ 9.94681097 22.11144753]
964     , nan         , array([ 9.94681    ,  38.6296    ])
966     , nan         , array([ 9.94681    ,  38.6683    ])
[ 9.94681097 38.62963165]
968     , nan         , array([ 9.95676    ,  98.0307    ])
[ 9.94681097 98.03071402]
970     , nan         , array([ 9.94681    ,  63.5592    ])
972     , nan         , array([ 9.94681    ,  63.6228    ])
[ 9.94681097 63.55922331]
974     , nan         , array([ 9.95676    ,  33.0941    ])
[ 9.94681097 33.09412274]
976     , nan         , array([ 8.37489    ,  43.0779    ])
978     , nan         , array([ 8.37489    ,  43.121     ])
[ 8.37489237 43.07791551]
980     , nan         , array([ 8.38327    ,  28.0124    ])
[ 8.37489237 28.01244815]
982     , nan         , array([ 8.37489    ,  16.8791    ])
984     , nan         , array([ 8.37489    ,  16.896     ])
[ 8.37489237 16.87910047]
986     , nan         , array([ 8.38327    ,  3.39205    ])
[8.37489237 3.39204559]
988     , nan         , array([ 8.37489    ,  22.9364    ])
990     , nan         , array([ 8.37489    ,  22.9593    ])
[ 8.37489237 22.93635721]
992     , nan         , array([ 8.38327    ,  66.8817    ])
[ 8.37489237 66.8817343 ]
994     , nan         , array([ 8.37489    ,  51.2272    ])
996     , nan         , array([ 8.37489    ,  51.2784    ])
[ 8.37489237 51.22715511]
998     , nan         , array([ 8.38327    ,  84.1653    ])
[ 8.37489237 84.16531702]
1000    , nan         , array([ 8.37489    ,  4.13872    ])
1002    , nan         , array([ 8.37489    ,  4.14287    ])
[8.37489237 4.13872474]
1004    , nan         , array([ 8.38327    ,  93.7033    ])
[ 8.37489237 93.70332793]
1006    , nan         , array([ 8.37489    ,  14.8844    ])
1008    , nan         , array([ 8.37489    ,  14.8993    ])
[ 8.37489237 14.88444286]
1010    , nan         , array([ 8.38327    ,  40.5635    ])
[ 8.37489237 40.56349321]
1012    , nan         , array([ 8.37489    ,  64.0195    ])
1014    , nan         , array([ 8.37489    ,  64.0836    ])
[ 8.37489237 64.01952812]
1016    , nan         , array([ 8.38327    ,  96.7246    ])
[ 8.37489237 96.72458744]
1018    , nan         , array([ 8.37489    ,  66.7267    ])
1020    , nan         , array([ 8.37489    ,  66.7934    ])
[ 8.37489237 66.72667033]
1022    , nan         , array([ 8.38327    ,  68.0732    ])
[ 8.37489237 68.07316049]
1024    , nan         , array([ 8.37489    ,  80.408     ])
1026    , nan         , array([ 8.37489    ,  80.4884    ])
[ 8.37489237 80.4079508 ]
1028    , nan         , array([ 8.38327    ,  23.5989    ])
[ 8.37489237 23.59886304]
1030    , nan         , array([ 8.37489    ,  98.7334    ])
1032    , nan         , array([ 8.37489    ,  98.8322    ])
[ 8.37489237 98.73338488]
1034    , nan         , array([ 8.38327    ,  5.92086    ])
[8.37489237 5.92086166]
1036    , nan         , array([ 8.37489    ,  22.1114    ])
1038    , nan         , array([ 8.37489    ,  22.1336    ])
[ 8.37489237 22.11144753]
1040    , nan         , array([ 8.38327    ,  38.6296    ])
[ 8.37489237 38.62963165]
1042    , nan         , array([ 8.37489    ,  98.0307    ])
1044    , nan         , array([ 8.37489    ,  98.1288    ])
[ 8.37489237 98.03071402]
1046    , nan         , array([ 8.38327    ,  63.5592    ])
[ 8.37489237 63.55922331]
1048    , nan         , array([ 8.37489    ,  33.0941    ])
1050    , nan         , array([ 8.37489    ,  33.1272    ])
[ 8.37489237 33.09412274]
1052    , nan         , array([ 3.00248    ,  43.0779    ])
[ 2.99948387 43.07791551]
1054    , nan         , array([ 2.99948    ,  28.0124    ])
1056    , nan         , array([ 2.99948    ,  28.0405    ])
[ 2.99948387 28.01244815]
1058    , nan         , array([ 3.00248    ,  16.8791    ])
[ 2.99948387 16.87910047]
1060    , nan         , array([ 2.99948    ,  3.39205    ])
1062    , nan         , array([ 2.99948    ,  3.39544    ])
[2.99948387 3.39204559]
1064    , nan         , array([ 3.00248    ,  22.9364    ])
[ 2.99948387 22.93635721]
1066    , nan         , array([ 2.99948    ,  66.8817    ])
1068    , nan         , array([ 2.99948    ,  66.9486    ])
[ 2.99948387 66.8817343 ]
1070    , nan         , array([ 3.00248    ,  51.2272    ])
[ 2.99948387 51.22715511]
1072    , nan         , array([ 2.99948    ,  84.1653    ])
1074    , nan         , array([ 2.99948    ,  84.2495    ])
[ 2.99948387 84.16531702]
1076    , nan         , array([ 3.00248    ,  4.13872    ])
[2.99948387 4.13872474]
1078    , nan         , array([ 2.99948    ,  93.7033    ])
1080    , nan         , array([ 2.99948    ,  93.7971    ])
[ 2.99948387 93.70332793]
1082    , nan         , array([ 3.00248    ,  14.8844    ])
[ 2.99948387 14.88444286]
1084    , nan         , array([ 2.99948    ,  40.5635    ])
1086    , nan         , array([ 2.99948    ,  40.6041    ])
[ 2.99948387 40.56349321]
1088    , nan         , array([ 3.00248    ,  64.0195    ])
[ 2.99948387 64.01952812]
1090    , nan         , array([ 2.99948    ,  96.7246    ])
1092    , nan         , array([ 2.99948    ,  96.8214    ])
[ 2.99948387 96.72458744]
1094    , nan         , array([ 3.00248    ,  66.7267    ])
[ 2.99948387 66.72667033]
1096    , nan         , array([ 2.99948    ,  68.0732    ])
1098    , nan         , array([ 2.99948    ,  68.1413    ])
[ 2.99948387 68.07316049]
1100    , nan         , array([ 3.00248    ,  80.408     ])
[ 2.99948387 80.4079508 ]
1102    , nan         , array([ 2.99948    ,  23.5989    ])
1104    , nan         , array([ 2.99948    ,  23.6225    ])
[ 2.99948387 23.59886304]
1106    , nan         , array([ 3.00248    ,  98.7334    ])
[ 2.99948387 98.73338488]
1108    , nan         , array([ 2.99948    ,  5.92086    ])
1110    , nan         , array([ 2.99948    ,  5.92679    ])
[2.99948387 5.92086166]
1112    , nan         , array([ 3.00248    ,  22.1114    ])
[ 2.99948387 22.11144753]
1114    , nan         , array([ 2.99948    ,  38.6296    ])
1116    , nan         , array([ 2.99948    ,  38.6683    ])
[ 2.99948387 38.62963165]
1118    , nan         , array([ 3.00248    ,  98.0307    ])
[ 2.99948387 98.03071402]
1120    , nan         , array([ 2.99948    ,  63.5592    ])
1122    , nan         , array([ 2.99948    ,  63.6228    ])
[ 2.99948387 63.55922331]
1124    , nan         , array([ 3.00248    ,  33.0941    ])
[ 2.99948387 33.09412274]
1126    , nan         , array([ 9.47187    ,  43.0779    ])
1128    , nan         , array([ 9.47187    ,  43.121     ])
[ 9.47186698 43.07791551]
1130    , nan         , array([ 9.48134    ,  28.0124    ])
[ 9.47186698 28.01244815]
1132    , nan         , array([ 9.47187    ,  16.8791    ])
1134    , nan         , array([ 9.47187    ,  16.896     ])
[ 9.47186698 16.87910047]
1136    , nan         , array([ 9.48134    ,  3.39205    ])
[9.47186698 3.39204559]
1138    , nan         , array([ 9.47187    ,  22.9364    ])
1140    , nan         , array([ 9.47187    ,  22.9593    ])
[ 9.47186698 22.93635721]
1142    , nan         , array([ 9.48134    ,  66.8817    ])
[ 9.47186698 66.8817343 ]
1144    , nan         , array([ 9.47187    ,  51.2272    ])
1146    , nan         , array([ 9.47187    ,  51.2784    ])
[ 9.47186698 51.22715511]
1148    , nan         , array([ 9.48134    ,  84.1653    ])
[ 9.47186698 84.16531702]
1150    , nan         , array([ 9.47187    ,  4.13872    ])
1152    , nan         , array([ 9.47187    ,  4.14287    ])
[9.47186698 4.13872474]
1154    , nan         , array([ 9.48134    ,  93.7033    ])
[ 9.47186698 93.70332793]
1156    , nan         , array([ 9.47187    ,  14.8844    ])
1158    , nan         , array([ 9.47187    ,  14.8993    ])
[ 9.47186698 14.88444286]
1160    , nan         , array([ 9.48134    ,  40.5635    ])
[ 9.47186698 40.56349321]
1162    , nan         , array([ 9.47187    ,  64.0195    ])
1164    , nan         , array([ 9.47187    ,  64.0836    ])
[ 9.47186698 64.01952812]
1166    , nan         , array([ 9.48134    ,  96.7246    ])
[ 9.47186698 96.72458744]
1168    , nan         , array([ 9.47187    ,  66.7267    ])
1170    , nan         , array([ 9.47187    ,  66.7934    ])
[ 9.47186698 66.72667033]
1172    , nan         , array([ 9.48134    ,  68.0732    ])
[ 9.47186698 68.07316049]
1174    , nan         , array([ 9.47187    ,  80.408     ])
1176    , nan         , array([ 9.47187    ,  80.4884    ])
[ 9.47186698 80.4079508 ]
1178    , nan         , array([ 9.48134    ,  23.5989    ])
[ 9.47186698 23.59886304]
1180    , nan         , array([ 9.47187    ,  98.7334    ])
1182    , nan         , array([ 9.47187    ,  98.8322    ])
[ 9.47186698 98.73338488]
1184    , nan         , array([ 9.48134    ,  5.92086    ])
[9.47186698 5.92086166]
1186    , nan         , array([ 9.47187    ,  22.1114    ])
1188    , nan         , array([ 9.47187    ,  22.1336    ])
[ 9.47186698 22.11144753]
1190    , nan         , array([ 9.48134    ,  38.6296    ])
[ 9.47186698 38.62963165]
1192    , nan         , array([ 9.47187    ,  98.0307    ])
1194    , nan         , array([ 9.47187    ,  98.1288    ])
[ 9.47186698 98.03071402]
1196    , nan         , array([ 9.48134    ,  63.5592    ])
[ 9.47186698 63.55922331]
1198    , nan         , array([ 9.47187    ,  33.0941    ])
1200    , nan         , array([ 9.47187    ,  33.1272    ])
[ 9.47186698 33.09412274]
1202    , nan         , array([ 5.15862    ,  43.0779    ])
[ 5.15346673 43.07791551]
1204    , nan         , array([ 5.15347    ,  28.0124    ])
1206    , nan         , array([ 5.15347    ,  28.0405    ])
[ 5.15346673 28.01244815]
1208    , nan         , array([ 5.15862    ,  16.8791    ])
[ 5.15346673 16.87910047]
1210    , nan         , array([ 5.15347    ,  3.39205    ])
1212    , nan         , array([ 5.15347    ,  3.39544    ])
[5.15346673 3.39204559]
1214    , nan         , array([ 5.15862    ,  22.9364    ])
[ 5.15346673 22.93635721]
1216    , nan         , array([ 5.15347    ,  66.8817    ])
1218    , nan         , array([ 5.15347    ,  66.9486    ])
[ 5.15346673 66.8817343 ]
1220    , nan         , array([ 5.15862    ,  51.2272    ])
[ 5.15346673 51.22715511]
1222    , nan         , array([ 5.15347    ,  84.1653    ])
1224    , nan         , array([ 5.15347    ,  84.2495    ])
[ 5.15346673 84.16531702]
1226    , nan         , array([ 5.15862    ,  4.13872    ])
[5.15346673 4.13872474]
1228    , nan         , array([ 5.15347    ,  93.7033    ])
1230    , nan         , array([ 5.15347    ,  93.7971    ])
[ 5.15346673 93.70332793]
1232    , nan         , array([ 5.15862    ,  14.8844    ])
[ 5.15346673 14.88444286]
1234    , nan         , array([ 5.15347    ,  40.5635    ])
1236    , nan         , array([ 5.15347    ,  40.6041    ])
[ 5.15346673 40.56349321]
1238    , nan         , array([ 5.15862    ,  64.0195    ])
[ 5.15346673 64.01952812]
1240    , nan         , array([ 5.15347    ,  96.7246    ])
1242    , nan         , array([ 5.15347    ,  96.8214    ])
[ 5.15346673 96.72458744]
1244    , nan         , array([ 5.15862    ,  66.7267    ])
[ 5.15346673 66.72667033]
1246    , nan         , array([ 5.15347    ,  68.0732    ])
1248    , nan         , array([ 5.15347    ,  68.1413    ])
[ 5.15346673 68.07316049]
1250    , nan         , array([ 5.15862    ,  80.408     ])
[ 5.15346673 80.4079508 ]
1252    , nan         , array([ 5.15347    ,  23.5989    ])
1254    , nan         , array([ 5.15347    ,  23.6225    ])
[ 5.15346673 23.59886304]
1256    , nan         , array([ 5.15862    ,  98.7334    ])
[ 5.15346673 98.73338488]
1258    , nan         , array([ 5.15347    ,  5.92086    ])
1260    , nan         , array([ 5.15347    ,  5.92679    ])
[5.15346673 5.92086166]
1262    , nan         , array([ 5.15862    ,  22.1114    ])
[ 5.15346673 22.11144753]
1264    , nan         , array([ 5.15347    ,  38.6296    ])
1266    , nan         , array([ 5.15347    ,  38.6683    ])
[ 5.15346673 38.62963165]
1268    , nan         , array([ 5.15862    ,  98.0307    ])
[ 5.15346673 98.03071402]
1270    , nan         , array([ 5.15347    ,  63.5592    ])
1272    , nan         , array([ 5.15347    ,  63.6228    ])
[ 5.15346673 63.55922331]
1274    , nan         , array([ 5.15862    ,  33.0941    ])
[ 5.15346673 33.09412274]
1276    , nan         , array([ 2.34889    ,  43.0779    ])
1278    , nan         , array([ 2.34889    ,  43.121     ])
[ 2.34889199 43.07791551]
1280    , nan         , array([ 2.35124    ,  28.0124    ])
[ 2.34889199 28.01244815]
1282    , nan         , array([ 2.34889    ,  16.8791    ])
1284    , nan         , array([ 2.34889    ,  16.896     ])
[ 2.34889199 16.87910047]
1286    , nan         , array([ 2.35124    ,  3.39205    ])
[2.34889199 3.39204559]
1288    , nan         , array([ 2.34889    ,  22.9364    ])
1290    , nan         , array([ 2.34889    ,  22.9593    ])
[ 2.34889199 22.93635721]
1292    , nan         , array([ 2.35124    ,  66.8817    ])
[ 2.34889199 66.8817343 ]
1294    , nan         , array([ 2.34889    ,  51.2272    ])
1296    , nan         , array([ 2.34889    ,  51.2784    ])
[ 2.34889199 51.22715511]
1298    , nan         , array([ 2.35124    ,  84.1653    ])
[ 2.34889199 84.16531702]
1300    , nan         , array([ 2.34889    ,  4.13872    ])
1302    , nan         , array([ 2.34889    ,  4.14287    ])
[2.34889199 4.13872474]
1304    , nan         , array([ 2.35124    ,  93.7033    ])
[ 2.34889199 93.70332793]
1306    , nan         , array([ 2.34889    ,  14.8844    ])
1308    , nan         , array([ 2.34889    ,  14.8993    ])
[ 2.34889199 14.88444286]
1310    , nan         , array([ 2.35124    ,  40.5635    ])
[ 2.34889199 40.56349321]
1312    , nan         , array([ 2.34889    ,  64.0195    ])
1314    , nan         , array([ 2.34889    ,  64.0836    ])
[ 2.34889199 64.01952812]
1316    , nan         , array([ 2.35124    ,  96.7246    ])
[ 2.34889199 96.72458744]
1318    , nan         , array([ 2.34889    ,  66.7267    ])
1320    , nan         , array([ 2.34889    ,  66.7934    ])
[ 2.34889199 66.72667033]
1322    , nan         , array([ 2.35124    ,  68.0732    ])
[ 2.34889199 68.07316049]
1324    , nan         , array([ 2.34889    ,  80.408     ])
1326    , nan         , array([ 2.34889    ,  80.4884    ])
[ 2.34889199 80.4079508 ]
1328    , nan         , array([ 2.35124    ,  23.5989    ])
[ 2.34889199 23.59886304]
1330    , nan         , array([ 2.34889    ,  98.7334    ])
1332    , nan         , array([ 2.34889    ,  98.8322    ])
[ 2.34889199 98.73338488]
1334    , nan         , array([ 2.35124    ,  5.92086    ])
[2.34889199 5.92086166]
1336    , nan         , array([ 2.34889    ,  22.1114    ])
1338    , nan         , array([ 2.34889    ,  22.1336    ])
[ 2.34889199 22.11144753]
1340    , nan         , array([ 2.35124    ,  38.6296    ])
[ 2.34889199 38.62963165]
1342    , nan         , array([ 2.34889    ,  98.0307    ])
1344    , nan         , array([ 2.34889    ,  98.1288    ])
[ 2.34889199 98.03071402]
1346    , nan         , array([ 2.35124    ,  63.5592    ])
[ 2.34889199 63.55922331]
1348    , nan         , array([ 2.34889    ,  33.0941    ])
1350    , nan         , array([ 2.34889    ,  33.1272    ])
[ 2.34889199 33.09412274]
1352    , nan         , array([ 0.360202   ,  43.0779    ])
[ 0.35984202 43.07791551]
1354    , nan         , array([ 0.359842   ,  28.0124    ])
1356    , nan         , array([ 0.359842   ,  28.0405    ])
[ 0.35984202 28.01244815]
1358    , nan         , array([ 0.360202   ,  16.8791    ])
[ 0.35984202 16.87910047]
1360    , nan         , array([ 0.359842   ,  3.39205    ])
1362    , nan         , array([ 0.359842   ,  3.39544    ])
[0.35984202 3.39204559]
1364    , nan         , array([ 0.360202   ,  22.9364    ])
[ 0.35984202 22.93635721]
1366    , nan         , array([ 0.359842   ,  66.8817    ])
1368    , nan         , array([ 0.359842   ,  66.9486    ])
[ 0.35984202 66.8817343 ]
1370    , nan         , array([ 0.360202   ,  51.2272    ])
[ 0.35984202 51.22715511]
1372    , nan         , array([ 0.359842   ,  84.1653    ])
1374    , nan         , array([ 0.359842   ,  84.2495    ])
[ 0.35984202 84.16531702]
1376    , nan         , array([ 0.360202   ,  4.13872    ])
[0.35984202 4.13872474]
1378    , nan         , array([ 0.359842   ,  93.7033    ])
1380    , nan         , array([ 0.359842   ,  93.7971    ])
[ 0.35984202 93.70332793]
1382    , nan         , array([ 0.360202   ,  14.8844    ])
[ 0.35984202 14.88444286]
1384    , nan         , array([ 0.359842   ,  40.5635    ])
1386    , nan         , array([ 0.359842   ,  40.6041    ])
[ 0.35984202 40.56349321]
1388    , nan         , array([ 0.360202   ,  64.0195    ])
[ 0.35984202 64.01952812]
1390    , nan         , array([ 0.359842   ,  96.7246    ])
1392    , nan         , array([ 0.359842   ,  96.8214    ])
[ 0.35984202 96.72458744]
1394    , nan         , array([ 0.360202   ,  66.7267    ])
[ 0.35984202 66.72667033]
1396    , nan         , array([ 0.359842   ,  68.0732    ])
1398    , nan         , array([ 0.359842   ,  68.1413    ])
[ 0.35984202 68.07316049]
1400    , nan         , array([ 0.360202   ,  80.408     ])
[ 0.35984202 80.4079508 ]
1402    , nan         , array([ 0.359842   ,  23.5989    ])
1404    , nan         , array([ 0.359842   ,  23.6225    ])
[ 0.35984202 23.59886304]
1406    , nan         , array([ 0.360202   ,  98.7334    ])
[ 0.35984202 98.73338488]
1408    , nan         , array([ 0.359842   ,  5.92086    ])
1410    , nan         , array([ 0.359842   ,  5.92679    ])
[0.35984202 5.92086166]
1412    , nan         , array([ 0.360202   ,  22.1114    ])
[ 0.35984202 22.11144753]
1414    , nan         , array([ 0.359842   ,  38.6296    ])
1416    , nan         , array([ 0.359842   ,  38.6683    ])
[ 0.35984202 38.62963165]
1418    , nan         , array([ 0.360202   ,  98.0307    ])
[ 0.35984202 98.03071402]
1420    , nan         , array([ 0.359842   ,  63.5592    ])
1422    , nan         , array([ 0.359842   ,  63.6228    ])
[ 0.35984202 63.55922331]
1424    , nan         , array([ 0.360202   ,  33.0941    ])
[ 0.35984202 33.09412274]
1426    , nan         , array([ 2.00547    ,  43.0779    ])
1428    , nan         , array([ 2.00547    ,  43.121     ])
[ 2.00547211 43.07791551]
1430    , nan         , array([ 2.00748    ,  28.0124    ])
[ 2.00547211 28.01244815]
1432    , nan         , array([ 2.00547    ,  16.8791    ])
1434    , nan         , array([ 2.00547    ,  16.896     ])
[ 2.00547211 16.87910047]
1436    , nan         , array([ 2.00748    ,  3.39205    ])
[2.00547211 3.39204559]
1438    , nan         , array([ 2.00547    ,  22.9364    ])
1440    , nan         , array([ 2.00547    ,  22.9593    ])
[ 2.00547211 22.93635721]
1442    , nan         , array([ 2.00748    ,  66.8817    ])
[ 2.00547211 66.8817343 ]
1444    , nan         , array([ 2.00547    ,  51.2272    ])
1446    , nan         , array([ 2.00547    ,  51.2784    ])
[ 2.00547211 51.22715511]
1448    , nan         , array([ 2.00748    ,  84.1653    ])
[ 2.00547211 84.16531702]
1450    , nan         , array([ 2.00547    ,  4.13872    ])
1452    , nan         , array([ 2.00547    ,  4.14287    ])
[2.00547211 4.13872474]
1454    , nan         , array([ 2.00748    ,  93.7033    ])
[ 2.00547211 93.70332793]
1456    , nan         , array([ 2.00547    ,  14.8844    ])
1458    , nan         , array([ 2.00547    ,  14.8993    ])
[ 2.00547211 14.88444286]
1460    , nan         , array([ 2.00748    ,  40.5635    ])
[ 2.00547211 40.56349321]
1462    , nan         , array([ 2.00547    ,  64.0195    ])
1464    , nan         , array([ 2.00547    ,  64.0836    ])
[ 2.00547211 64.01952812]
1466    , nan         , array([ 2.00748    ,  96.7246    ])
[ 2.00547211 96.72458744]
1468    , nan         , array([ 2.00547    ,  66.7267    ])
1470    , nan         , array([ 2.00547    ,  66.7934    ])
[ 2.00547211 66.72667033]
1472    , nan         , array([ 2.00748    ,  68.0732    ])
[ 2.00547211 68.07316049]
1474    , nan         , array([ 2.00547    ,  80.408     ])
1476    , nan         , array([ 2.00547    ,  80.4884    ])
[ 2.00547211 80.4079508 ]
1478    , nan         , array([ 2.00748    ,  23.5989    ])
[ 2.00547211 23.59886304]
1480    , nan         , array([ 2.00547    ,  98.7334    ])
1482    , nan         , array([ 2.00547    ,  98.8322    ])
[ 2.00547211 98.73338488]
1484    , nan         , array([ 2.00748    ,  5.92086    ])
[2.00547211 5.92086166]
1486    , nan         , array([ 2.00547    ,  22.1114    ])
1488    , nan         , array([ 2.00547    ,  22.1336    ])
[ 2.00547211 22.11144753]
1490    , nan         , array([ 2.00748    ,  38.6296    ])
[ 2.00547211 38.62963165]
1492    , nan         , array([ 2.00547    ,  98.0307    ])
1494    , nan         , array([ 2.00547    ,  98.1288    ])
[ 2.00547211 98.03071402]
1496    , nan         , array([ 2.00748    ,  63.5592    ])
[ 2.00547211 63.55922331]
1498    , nan         , array([ 2.00547    ,  33.0941    ])
1500    , nan         , array([ 2.00547    ,  33.1272    ])
[ 2.00547211 33.09412274]
1502    , nan         , array([ 0.912954   ,  43.0779    ])
[ 0.91204101 43.07791551]
1504    , nan         , array([ 0.912041   ,  28.0124    ])
1506    , nan         , array([ 0.912041   ,  28.0405    ])
[ 0.91204101 28.01244815]
1508    , nan         , array([ 0.912954   ,  16.8791    ])
[ 0.91204101 16.87910047]
1510    , nan         , array([ 0.912041   ,  3.39205    ])
1512    , nan         , array([ 0.912041   ,  3.39544    ])
[0.91204101 3.39204559]
1514    , nan         , array([ 0.912954   ,  22.9364    ])
[ 0.91204101 22.93635721]
1516    , nan         , array([ 0.912041   ,  66.8817    ])
1518    , nan         , array([ 0.912041   ,  66.9486    ])
[ 0.91204101 66.8817343 ]
1520    , nan         , array([ 0.912954   ,  51.2272    ])
[ 0.91204101 51.22715511]
1522    , nan         , array([ 0.912041   ,  84.1653    ])
1524    , nan         , array([ 0.912041   ,  84.2495    ])
[ 0.91204101 84.16531702]
1526    , nan         , array([ 0.912954   ,  4.13872    ])
[0.91204101 4.13872474]
1528    , nan         , array([ 0.912041   ,  93.7033    ])
1530    , nan         , array([ 0.912041   ,  93.7971    ])
[ 0.91204101 93.70332793]
1532    , nan         , array([ 0.912954   ,  14.8844    ])
[ 0.91204101 14.88444286]
1534    , nan         , array([ 0.912041   ,  40.5635    ])
1536    , nan         , array([ 0.912041   ,  40.6041    ])
[ 0.91204101 40.56349321]
1538    , nan         , array([ 0.912954   ,  64.0195    ])
[ 0.91204101 64.01952812]
1540    , nan         , array([ 0.912041   ,  96.7246    ])
1542    , nan         , array([ 0.912041   ,  96.8214    ])
[ 0.91204101 96.72458744]
1544    , nan         , array([ 0.912954   ,  66.7267    ])
[ 0.91204101 66.72667033]
1546    , nan         , array([ 0.912041   ,  68.0732    ])
1548    , nan         , array([ 0.912041   ,  68.1413    ])
[ 0.91204101 68.07316049]
1550    , nan         , array([ 0.912954   ,  80.408     ])
[ 0.91204101 80.4079508 ]
1552    , nan         , array([ 0.912041   ,  23.5989    ])
1554    , nan         , array([ 0.912041   ,  23.6225    ])
[ 0.91204101 23.59886304]
1556    , nan         , array([ 0.912954   ,  98.7334    ])
[ 0.91204101 98.73338488]
1558    , nan         , array([ 0.912041   ,  5.92086    ])
1560    , nan         , array([ 0.912041   ,  5.92679    ])
[0.91204101 5.92086166]
1562    , nan         , array([ 0.912954   ,  22.1114    ])
[ 0.91204101 22.11144753]
1564    , nan         , array([ 0.912041   ,  38.6296    ])
1566    , nan         , array([ 0.912041   ,  38.6683    ])
[ 0.91204101 38.62963165]
1568    , nan         , array([ 0.912954   ,  98.0307    ])
[ 0.91204101 98.03071402]
1570    , nan         , array([ 0.912041   ,  63.5592    ])
1572    , nan         , array([ 0.912041   ,  63.6228    ])
[ 0.91204101 63.55922331]
1574    , nan         , array([ 0.912954   ,  33.0941    ])
[ 0.91204101 33.09412274]
1576    , nan         , array([ 6.88067    ,  43.0779    ])
1578    , nan         , array([ 6.88067    ,  43.121     ])
[ 6.8806717  43.07791551]
1580    , nan         , array([ 6.88756    ,  28.0124    ])
[ 6.8806717  28.01244815]
1582    , nan         , array([ 6.88067    ,  16.8791    ])
1584    , nan         , array([ 6.88067    ,  16.896     ])
[ 6.8806717  16.87910047]
1586    , nan         , array([ 6.88756    ,  3.39205    ])
[6.8806717  3.39204559]
1588    , nan         , array([ 6.88067    ,  22.9364    ])
1590    , nan         , array([ 6.88067    ,  22.9593    ])
[ 6.8806717  22.93635721]
1592    , nan         , array([ 6.88756    ,  66.8817    ])
[ 6.8806717 66.8817343]
1594    , nan         , array([ 6.88067    ,  51.2272    ])
1596    , nan         , array([ 6.88067    ,  51.2784    ])
[ 6.8806717  51.22715511]
1598    , nan         , array([ 6.88756    ,  84.1653    ])
[ 6.8806717  84.16531702]
1600    , nan         , array([ 6.88067    ,  4.13872    ])
1602    , nan         , array([ 6.88067    ,  4.14287    ])
[6.8806717  4.13872474]
1604    , nan         , array([ 6.88756    ,  93.7033    ])
[ 6.8806717  93.70332793]
1606    , nan         , array([ 6.88067    ,  14.8844    ])
1608    , nan         , array([ 6.88067    ,  14.8993    ])
[ 6.8806717  14.88444286]
1610    , nan         , array([ 6.88756    ,  40.5635    ])
[ 6.8806717  40.56349321]
1612    , nan         , array([ 6.88067    ,  64.0195    ])
1614    , nan         , array([ 6.88067    ,  64.0836    ])
[ 6.8806717  64.01952812]
1616    , nan         , array([ 6.88756    ,  96.7246    ])
[ 6.8806717  96.72458744]
1618    , nan         , array([ 6.88067    ,  66.7267    ])
1620    , nan         , array([ 6.88067    ,  66.7934    ])
[ 6.8806717  66.72667033]
1622    , nan         , array([ 6.88756    ,  68.0732    ])
[ 6.8806717  68.07316049]
1624    , nan         , array([ 6.88067    ,  80.408     ])
1626    , nan         , array([ 6.88067    ,  80.4884    ])
[ 6.8806717 80.4079508]
1628    , nan         , array([ 6.88756    ,  23.5989    ])
[ 6.8806717  23.59886304]
1630    , nan         , array([ 6.88067    ,  98.7334    ])
1632    , nan         , array([ 6.88067    ,  98.8322    ])
[ 6.8806717  98.73338488]
1634    , nan         , array([ 6.88756    ,  5.92086    ])
[6.8806717  5.92086166]
1636    , nan         , array([ 6.88067    ,  22.1114    ])
1638    , nan         , array([ 6.88067    ,  22.1336    ])
[ 6.8806717  22.11144753]
1640    , nan         , array([ 6.88756    ,  38.6296    ])
[ 6.8806717  38.62963165]
1642    , nan         , array([ 6.88067    ,  98.0307    ])
1644    , nan         , array([ 6.88067    ,  98.1288    ])
[ 6.8806717  98.03071402]
1646    , nan         , array([ 6.88756    ,  63.5592    ])
[ 6.8806717  63.55922331]
1648    , nan         , array([ 6.88067    ,  33.0941    ])
1650    , nan         , array([ 6.88067    ,  33.1272    ])
[ 6.8806717  33.09412274]
1652    , nan         , array([ 2.03329    ,  43.0779    ])
[ 2.03125344 43.07791551]
1654    , nan         , array([ 2.03125    ,  28.0124    ])
1656    , nan         , array([ 2.03125    ,  28.0405    ])
[ 2.03125344 28.01244815]
1658    , nan         , array([ 2.03329    ,  16.8791    ])
[ 2.03125344 16.87910047]
1660    , nan         , array([ 2.03125    ,  3.39205    ])
1662    , nan         , array([ 2.03125    ,  3.39544    ])
[2.03125344 3.39204559]
1664    , nan         , array([ 2.03329    ,  22.9364    ])
[ 2.03125344 22.93635721]
1666    , nan         , array([ 2.03125    ,  66.8817    ])
1668    , nan         , array([ 2.03125    ,  66.9486    ])
[ 2.03125344 66.8817343 ]
1670    , nan         , array([ 2.03329    ,  51.2272    ])
[ 2.03125344 51.22715511]
1672    , nan         , array([ 2.03125    ,  84.1653    ])
1674    , nan         , array([ 2.03125    ,  84.2495    ])
[ 2.03125344 84.16531702]
1676    , nan         , array([ 2.03329    ,  4.13872    ])
[2.03125344 4.13872474]
1678    , nan         , array([ 2.03125    ,  93.7033    ])
1680    , nan         , array([ 2.03125    ,  93.7971    ])
[ 2.03125344 93.70332793]
1682    , nan         , array([ 2.03329    ,  14.8844    ])
[ 2.03125344 14.88444286]
1684    , nan         , array([ 2.03125    ,  40.5635    ])
1686    , nan         , array([ 2.03125    ,  40.6041    ])
[ 2.03125344 40.56349321]
1688    , nan         , array([ 2.03329    ,  64.0195    ])
[ 2.03125344 64.01952812]
1690    , nan         , array([ 2.03125    ,  96.7246    ])
1692    , nan         , array([ 2.03125    ,  96.8214    ])
[ 2.03125344 96.72458744]
1694    , nan         , array([ 2.03329    ,  66.7267    ])
[ 2.03125344 66.72667033]
1696    , nan         , array([ 2.03125    ,  68.0732    ])
1698    , nan         , array([ 2.03125    ,  68.1413    ])
[ 2.03125344 68.07316049]
1700    , nan         , array([ 2.03329    ,  80.408     ])
[ 2.03125344 80.4079508 ]
1702    , nan         , array([ 2.03125    ,  23.5989    ])
1704    , nan         , array([ 2.03125    ,  23.6225    ])
[ 2.03125344 23.59886304]
1706    , nan         , array([ 2.03329    ,  98.7334    ])
[ 2.03125344 98.73338488]
1708    , nan         , array([ 2.03125    ,  5.92086    ])
1710    , nan         , array([ 2.03125    ,  5.92679    ])
[2.03125344 5.92086166]
1712    , nan         , array([ 2.03329    ,  22.1114    ])
[ 2.03125344 22.11144753]
1714    , nan         , array([ 2.03125    ,  38.6296    ])
1716    , nan         , array([ 2.03125    ,  38.6683    ])
[ 2.03125344 38.62963165]
1718    , nan         , array([ 2.03329    ,  98.0307    ])
[ 2.03125344 98.03071402]
1720    , nan         , array([ 2.03125    ,  63.5592    ])
1722    , nan         , array([ 2.03125    ,  63.6228    ])
[ 2.03125344 63.55922331]
1724    , nan         , array([ 2.03329    ,  33.0941    ])
[ 2.03125344 33.09412274]
1726    , nan         , array([ 0.533415   ,  43.0779    ])
1728    , nan         , array([ 0.533415   ,  43.121     ])
[ 0.53341534 43.07791551]
1730    , nan         , array([ 0.533949   ,  28.0124    ])
[ 0.53341534 28.01244815]
1732    , nan         , array([ 0.533415   ,  16.8791    ])
1734    , nan         , array([ 0.533415   ,  16.896     ])
[ 0.53341534 16.87910047]
1736    , nan         , array([ 0.533949   ,  3.39205    ])
[0.53341534 3.39204559]
1738    , nan         , array([ 0.533415   ,  22.9364    ])
1740    , nan         , array([ 0.533415   ,  22.9593    ])
[ 0.53341534 22.93635721]
1742    , nan         , array([ 0.533949   ,  66.8817    ])
[ 0.53341534 66.8817343 ]
1744    , nan         , array([ 0.533415   ,  51.2272    ])
1746    , nan         , array([ 0.533415   ,  51.2784    ])
[ 0.53341534 51.22715511]
1748    , nan         , array([ 0.533949   ,  84.1653    ])
[ 0.53341534 84.16531702]
1750    , nan         , array([ 0.533415   ,  4.13872    ])
1752    , nan         , array([ 0.533415   ,  4.14287    ])
[0.53341534 4.13872474]
1754    , nan         , array([ 0.533949   ,  93.7033    ])
[ 0.53341534 93.70332793]
1756    , nan         , array([ 0.533415   ,  14.8844    ])
1758    , nan         , array([ 0.533415   ,  14.8993    ])
[ 0.53341534 14.88444286]
1760    , nan         , array([ 0.533949   ,  40.5635    ])
[ 0.53341534 40.56349321]
1762    , nan         , array([ 0.533415   ,  64.0195    ])
1764    , nan         , array([ 0.533415   ,  64.0836    ])
[ 0.53341534 64.01952812]
1766    , nan         , array([ 0.533949   ,  96.7246    ])
[ 0.53341534 96.72458744]
1768    , nan         , array([ 0.533415   ,  66.7267    ])
1770    , nan         , array([ 0.533415   ,  66.7934    ])
[ 0.53341534 66.72667033]
1772    , nan         , array([ 0.533949   ,  68.0732    ])
[ 0.53341534 68.07316049]
1774    , nan         , array([ 0.533415   ,  80.408     ])
1776    , nan         , array([ 0.533415   ,  80.4884    ])
[ 0.53341534 80.4079508 ]
1778    , nan         , array([ 0.533949   ,  23.5989    ])
[ 0.53341534 23.59886304]
1780    , nan         , array([ 0.533415   ,  98.7334    ])
1782    , nan         , array([ 0.533415   ,  98.8322    ])
[ 0.53341534 98.73338488]
1784    , nan         , array([ 0.533949   ,  5.92086    ])
[0.53341534 5.92086166]
1786    , nan         , array([ 0.533415   ,  22.1114    ])
1788    , nan         , array([ 0.533415   ,  22.1336    ])
[ 0.53341534 22.11144753]
1790    , nan         , array([ 0.533949   ,  38.6296    ])
[ 0.53341534 38.62963165]
1792    , nan         , array([ 0.533415   ,  98.0307    ])
1794    , nan         , array([ 0.533415   ,  98.1288    ])
[ 0.53341534 98.03071402]
1796    , nan         , array([ 0.533949   ,  63.5592    ])
[ 0.53341534 63.55922331]
1798    , nan         , array([ 0.533415   ,  33.0941    ])
1800    , nan         , array([ 0.533415   ,  33.1272    ])
[ 0.53341534 33.09412274]
1802    , nan         , array([ 2.34886    ,  43.0779    ])
[ 2.34650806 43.07791551]
1804    , nan         , array([ 2.34651    ,  28.0124    ])
1806    , nan         , array([ 2.34651    ,  28.0405    ])
[ 2.34650806 28.01244815]
1808    , nan         , array([ 2.34886    ,  16.8791    ])
[ 2.34650806 16.87910047]
1810    , nan         , array([ 2.34651    ,  3.39205    ])
1812    , nan         , array([ 2.34651    ,  3.39544    ])
[2.34650806 3.39204559]
1814    , nan         , array([ 2.34886    ,  22.9364    ])
[ 2.34650806 22.93635721]
1816    , nan         , array([ 2.34651    ,  66.8817    ])
1818    , nan         , array([ 2.34651    ,  66.9486    ])
[ 2.34650806 66.8817343 ]
1820    , nan         , array([ 2.34886    ,  51.2272    ])
[ 2.34650806 51.22715511]
1822    , nan         , array([ 2.34651    ,  84.1653    ])
1824    , nan         , array([ 2.34651    ,  84.2495    ])
[ 2.34650806 84.16531702]
1826    , nan         , array([ 2.34886    ,  4.13872    ])
[2.34650806 4.13872474]
1828    , nan         , array([ 2.34651    ,  93.7033    ])
1830    , nan         , array([ 2.34651    ,  93.7971    ])
[ 2.34650806 93.70332793]
1832    , nan         , array([ 2.34886    ,  14.8844    ])
[ 2.34650806 14.88444286]
1834    , nan         , array([ 2.34651    ,  40.5635    ])
1836    , nan         , array([ 2.34651    ,  40.6041    ])
[ 2.34650806 40.56349321]
1838    , nan         , array([ 2.34886    ,  64.0195    ])
[ 2.34650806 64.01952812]
1840    , nan         , array([ 2.34651    ,  96.7246    ])
1842    , nan         , array([ 2.34651    ,  96.8214    ])
[ 2.34650806 96.72458744]
1844    , nan         , array([ 2.34886    ,  66.7267    ])
[ 2.34650806 66.72667033]
1846    , nan         , array([ 2.34651    ,  68.0732    ])
1848    , nan         , array([ 2.34651    ,  68.1413    ])
[ 2.34650806 68.07316049]
1850    , nan         , array([ 2.34886    ,  80.408     ])
[ 2.34650806 80.4079508 ]
1852    , nan         , array([ 2.34651    ,  23.5989    ])
1854    , nan         , array([ 2.34651    ,  23.6225    ])
[ 2.34650806 23.59886304]
1856    , nan         , array([ 2.34886    ,  98.7334    ])
[ 2.34650806 98.73338488]
1858    , nan         , array([ 2.34651    ,  5.92086    ])
1860    , nan         , array([ 2.34651    ,  5.92679    ])
[2.34650806 5.92086166]
1862    , nan         , array([ 2.34886    ,  22.1114    ])
[ 2.34650806 22.11144753]
1864    , nan         , array([ 2.34651    ,  38.6296    ])
1866    , nan         , array([ 2.34651    ,  38.6683    ])
[ 2.34650806 38.62963165]
1868    , nan         , array([ 2.34886    ,  98.0307    ])
[ 2.34650806 98.03071402]
1870    , nan         , array([ 2.34651    ,  63.5592    ])
1872    , nan         , array([ 2.34651    ,  63.6228    ])
[ 2.34650806 63.55922331]
1874    , nan         , array([ 2.34886    ,  33.0941    ])
[ 2.34650806 33.09412274]
