2       , nan         , array([ 0.317678   ,  41.3351    ])
[ 0.31736003 41.33513391]
4       , nan         , array([ 0.31736    ,  93.1759    ])
6       , nan         , array([ 0.31736    ,  93.2691    ])
[ 0.31736003 93.17591072]
8       , nan         , array([ 0.317678   ,  67.8196    ])
[ 0.31736003 67.81957231]
10      , nan         , array([ 0.31736    ,  85.2012    ])
12      , nan         , array([ 0.31736    ,  85.2865    ])
[ 0.31736003 85.20121665]
14      , nan         , array([ 0.317678   ,  97.4838    ])
[ 0.31736003 97.48384938]
16      , nan         , array([ 0.31736    ,  55.3035    ])
18      , nan         , array([ 0.31736    ,  55.3588    ])
[ 0.31736003 55.30346037]
20      , nan         , array([ 0.317678   ,  90.9415    ])
[ 0.31736003 90.94149094]
22      , nan         , array([ 0.31736    ,  94.8221    ])
24      , nan         , array([ 0.31736    ,  94.917     ])
[ 0.31736003 94.82208706]
26      , nan         , array([ 0.317678   ,  90.4276    ])
[ 0.31736003 90.4276242 ]
28      , nan         , array([ 0.31736    ,  91.6908    ])
30      , nan         , array([ 0.31736    ,  91.7826    ])
[ 0.31736003 91.6908272 ]
32      , nan         , array([ 0.317678   ,  42.1348    ])
[ 0.31736003 42.13478431]
34      , nan         , array([ 0.31736    ,  88.6284    ])
36      , nan         , array([ 0.31736    ,  88.7171    ])
[ 0.31736003 88.62839944]
38      , nan         , array([ 0.317678   ,  28.6917    ])
[ 0.31736003 28.69166505]
40      , nan         , array([ 0.31736    ,  65.0244    ])
42      , nan         , array([ 0.31736    ,  65.0894    ])
[ 0.31736003 65.02438548]
44      , nan         , array([ 0.317678   ,  70.7649    ])
[ 0.31736003 70.76493878]
46      , nan         , array([ 0.31736    ,  27.9612    ])
48      , nan         , array([ 0.31736    ,  27.9892    ])
[ 0.31736003 27.96121134]
50      , nan         , array([ 0.317678   ,  15.2369    ])
[ 0.31736003 15.23687878]
52      , nan         , array([ 0.31736    ,  78.4106    ])
54      , nan         , array([ 0.31736    ,  78.489     ])
[ 0.31736003 78.41057467]
56      , nan         , array([ 0.317678   ,  58.7638    ])
[ 0.31736003 58.76378869]
58      , nan         , array([ 0.31736    ,  9.49675    ])
60      , nan         , array([ 0.31736    ,  9.50625    ])
[0.31736003 9.4967505 ]
62      , nan         , array([ 0.317678   ,  29.9203    ])
[ 0.31736003 29.92027826]
64      , nan         , array([ 0.31736    ,  56.1681    ])
66      , nan         , array([ 0.31736    ,  56.2243    ])
[ 0.31736003 56.16808025]
68      , nan         , array([ 0.317678   ,  46.7367    ])
[ 0.31736003 46.7367318 ]
70      , nan         , array([ 0.31736    ,  95.4055    ])
72      , nan         , array([ 0.31736    ,  95.501     ])
[ 0.31736003 95.40553318]
74      , nan         , array([ 0.317678   ,  14.9235    ])
[ 0.31736003 14.92345623]
76      , nan         , array([ 2.53946    ,  41.3351    ])
78      , nan         , array([ 2.53946    ,  41.3765    ])
[ 2.53946299 41.33513391]
80      , nan         , array([ 2.542      ,  93.1759    ])
[ 2.53946299 93.17591072]
82      , nan         , array([ 2.53946    ,  67.8196    ])
84      , nan         , array([ 2.53946    ,  67.8874    ])
[ 2.53946299 67.81957231]
86      , nan         , array([ 2.542      ,  85.2012    ])
[ 2.53946299 85.20121665]
88      , nan         , array([ 2.53946    ,  97.4838    ])
90      , nan         , array([ 2.53946    ,  97.5814    ])
[ 2.53946299 97.48384938]
92      , nan         , array([ 2.542      ,  55.3035    ])
[ 2.53946299 55.30346037]
94      , nan         , array([ 2.53946    ,  90.9415    ])
96      , nan         , array([ 2.53946    ,  91.0325    ])
[ 2.53946299 90.94149094]
98      , nan         , array([ 2.542      ,  94.8221    ])
[ 2.53946299 94.82208706]
100     , nan         , array([ 2.53946    ,  90.4276    ])
102     , nan         , array([ 2.53946    ,  90.5181    ])
[ 2.53946299 90.4276242 ]
104     , nan         , array([ 2.542      ,  91.6908    ])
[ 2.53946299 91.6908272 ]
106     , nan         , array([ 2.53946    ,  42.1348    ])
108     , nan         , array([ 2.53946    ,  42.1769    ])
[ 2.53946299 42.13478431]
110     , nan         , array([ 2.542      ,  88.6284    ])
[ 2.53946299 88.62839944]
112     , nan         , array([ 2.53946    ,  28.6917    ])
114     , nan         , array([ 2.53946    ,  28.7204    ])
[ 2.53946299 28.69166505]
116     , nan         , array([ 2.542      ,  65.0244    ])
[ 2.53946299 65.02438548]
118     , nan         , array([ 2.53946    ,  70.7649    ])
120     , nan         , array([ 2.53946    ,  70.8357    ])
[ 2.53946299 70.76493878]
122     , nan         , array([ 2.542      ,  27.9612    ])
[ 2.53946299 27.96121134]
124     , nan         , array([ 2.53946    ,  15.2369    ])
126     , nan         , array([ 2.53946    ,  15.2521    ])
[ 2.53946299 15.23687878]
128     , nan         , array([ 2.542      ,  78.4106    ])
[ 2.53946299 78.41057467]
130     , nan         , array([ 2.53946    ,  58.7638    ])
132     , nan         , array([ 2.53946    ,  58.8226    ])
[ 2.53946299 58.76378869]
134     , nan         , array([ 2.542      ,  9.49675    ])
[2.53946299 9.4967505 ]
136     , nan         , array([ 2.53946    ,  29.9203    ])
138     , nan         , array([ 2.53946    ,  29.9502    ])
[ 2.53946299 29.92027826]
140     , nan         , array([ 2.542      ,  56.1681    ])
[ 2.53946299 56.16808025]
142     , nan         , array([ 2.53946    ,  46.7367    ])
144     , nan         , array([ 2.53946    ,  46.7835    ])
[ 2.53946299 46.7367318 ]
146     , nan         , array([ 2.542      ,  95.4055    ])
[ 2.53946299 95.40553318]
148     , nan         , array([ 2.53946    ,  14.9235    ])
150     , nan         , array([ 2.53946    ,  14.9384    ])
[ 2.53946299 14.92345623]
152     , nan         , array([ 8.96944    ,  41.3351    ])
[ 8.96047441 41.33513391]
154     , nan         , array([ 8.96047    ,  93.1759    ])
156     , nan         , array([ 8.96047    ,  93.2691    ])
[ 8.96047441 93.17591072]
158     , nan         , array([ 8.96944    ,  67.8196    ])
[ 8.96047441 67.81957231]
160     , nan         , array([ 8.96047    ,  85.2012    ])
162     , nan         , array([ 8.96047    ,  85.2865    ])
[ 8.96047441 85.20121665]
164     , nan         , array([ 8.96944    ,  97.4838    ])
[ 8.96047441 97.48384938]
166     , nan         , array([ 8.96047    ,  55.3035    ])
168     , nan         , array([ 8.96047    ,  55.3588    ])
[ 8.96047441 55.30346037]
170     , nan         , array([ 8.96944    ,  90.9415    ])
[ 8.96047441 90.94149094]
172     , nan         , array([ 8.96047    ,  94.8221    ])
174     , nan         , array([ 8.96047    ,  94.917     ])
[ 8.96047441 94.82208706]
176     , nan         , array([ 8.96944    ,  90.4276    ])
[ 8.96047441 90.4276242 ]
178     , nan         , array([ 8.96047    ,  91.6908    ])
180     , nan         , array([ 8.96047    ,  91.7826    ])
[ 8.96047441 91.6908272 ]
182     , nan         , array([ 8.96944    ,  42.1348    ])
[ 8.96047441 42.13478431]
184     , nan         , array([ 8.96047    ,  88.6284    ])
186     , nan         , array([ 8.96047    ,  88.7171    ])
[ 8.96047441 88.62839944]
188     , nan         , array([ 8.96944    ,  28.6917    ])
[ 8.96047441 28.69166505]
190     , nan         , array([ 8.96047    ,  65.0244    ])
192     , nan         , array([ 8.96047    ,  65.0894    ])
[ 8.96047441 65.02438548]
194     , nan         , array([ 8.96944    ,  70.7649    ])
[ 8.96047441 70.76493878]
196     , nan         , array([ 8.96047    ,  27.9612    ])
198     , nan         , array([ 8.96047    ,  27.9892    ])
[ 8.96047441 27.96121134]
200     , nan         , array([ 8.96944    ,  15.2369    ])
[ 8.96047441 15.23687878]
202     , nan         , array([ 8.96047    ,  78.4106    ])
204     , nan         , array([ 8.96047    ,  78.489     ])
[ 8.96047441 78.41057467]
206     , nan         , array([ 8.96944    ,  58.7638    ])
[ 8.96047441 58.76378869]
208     , nan         , array([ 8.96047    ,  9.49675    ])
210     , nan         , array([ 8.96047    ,  9.50625    ])
[8.96047441 9.4967505 ]
212     , nan         , array([ 8.96944    ,  29.9203    ])
[ 8.96047441 29.92027826]
214     , nan         , array([ 8.96047    ,  56.1681    ])
216     , nan         , array([ 8.96047    ,  56.2243    ])
[ 8.96047441 56.16808025]
218     , nan         , array([ 8.96944    ,  46.7367    ])
[ 8.96047441 46.7367318 ]
220     , nan         , array([ 8.96047    ,  95.4055    ])
222     , nan         , array([ 8.96047    ,  95.501     ])
[ 8.96047441 95.40553318]
224     , nan         , array([ 8.96944    ,  14.9235    ])
[ 8.96047441 14.92345623]
226     , nan         , array([ 9.54924    ,  41.3351    ])
228     , nan         , array([ 9.54924    ,  41.3765    ])
[ 9.54924094 41.33513391]
230     , nan         , array([ 9.55879    ,  93.1759    ])
[ 9.54924094 93.17591072]
232     , nan         , array([ 9.54924    ,  67.8196    ])
234     , nan         , array([ 9.54924    ,  67.8874    ])
[ 9.54924094 67.81957231]
236     , nan         , array([ 9.55879    ,  85.2012    ])
[ 9.54924094 85.20121665]
238     , nan         , array([ 9.54924    ,  97.4838    ])
240     , nan         , array([ 9.54924    ,  97.5814    ])
[ 9.54924094 97.48384938]
242     , nan         , array([ 9.55879    ,  55.3035    ])
[ 9.54924094 55.30346037]
244     , nan         , array([ 9.54924    ,  90.9415    ])
246     , nan         , array([ 9.54924    ,  91.0325    ])
[ 9.54924094 90.94149094]
248     , nan         , array([ 9.55879    ,  94.8221    ])
[ 9.54924094 94.82208706]
250     , nan         , array([ 9.54924    ,  90.4276    ])
252     , nan         , array([ 9.54924    ,  90.5181    ])
[ 9.54924094 90.4276242 ]
254     , nan         , array([ 9.55879    ,  91.6908    ])
[ 9.54924094 91.6908272 ]
256     , nan         , array([ 9.54924    ,  42.1348    ])
258     , nan         , array([ 9.54924    ,  42.1769    ])
[ 9.54924094 42.13478431]
260     , nan         , array([ 9.55879    ,  88.6284    ])
[ 9.54924094 88.62839944]
262     , nan         , array([ 9.54924    ,  28.6917    ])
264     , nan         , array([ 9.54924    ,  28.7204    ])
[ 9.54924094 28.69166505]
266     , nan         , array([ 9.55879    ,  65.0244    ])
[ 9.54924094 65.02438548]
268     , nan         , array([ 9.54924    ,  70.7649    ])
270     , nan         , array([ 9.54924    ,  70.8357    ])
[ 9.54924094 70.76493878]
272     , nan         , array([ 9.55879    ,  27.9612    ])
[ 9.54924094 27.96121134]
274     , nan         , array([ 9.54924    ,  15.2369    ])
276     , nan         , array([ 9.54924    ,  15.2521    ])
[ 9.54924094 15.23687878]
278     , nan         , array([ 9.55879    ,  78.4106    ])
[ 9.54924094 78.41057467]
280     , nan         , array([ 9.54924    ,  58.7638    ])
282     , nan         , array([ 9.54924    ,  58.8226    ])
[ 9.54924094 58.76378869]
284     , nan         , array([ 9.55879    ,  9.49675    ])
[9.54924094 9.4967505 ]
286     , nan         , array([ 9.54924    ,  29.9203    ])
288     , nan         , array([ 9.54924    ,  29.9502    ])
[ 9.54924094 29.92027826]
290     , nan         , array([ 9.55879    ,  56.1681    ])
[ 9.54924094 56.16808025]
292     , nan         , array([ 9.54924    ,  46.7367    ])
294     , nan         , array([ 9.54924    ,  46.7835    ])
[ 9.54924094 46.7367318 ]
296     , nan         , array([ 9.55879    ,  95.4055    ])
[ 9.54924094 95.40553318]
298     , nan         , array([ 9.54924    ,  14.9235    ])
300     , nan         , array([ 9.54924    ,  14.9384    ])
[ 9.54924094 14.92345623]
302     , nan         , array([ 2.77393    ,  41.3351    ])
[ 2.77115483 41.33513391]
304     , nan         , array([ 2.77115    ,  93.1759    ])
306     , nan         , array([ 2.77115    ,  93.2691    ])
[ 2.77115483 93.17591072]
308     , nan         , array([ 2.77393    ,  67.8196    ])
[ 2.77115483 67.81957231]
310     , nan         , array([ 2.77115    ,  85.2012    ])
312     , nan         , array([ 2.77115    ,  85.2865    ])
[ 2.77115483 85.20121665]
314     , nan         , array([ 2.77393    ,  97.4838    ])
[ 2.77115483 97.48384938]
316     , nan         , array([ 2.77115    ,  55.3035    ])
318     , nan         , array([ 2.77115    ,  55.3588    ])
[ 2.77115483 55.30346037]
320     , nan         , array([ 2.77393    ,  90.9415    ])
[ 2.77115483 90.94149094]
322     , nan         , array([ 2.77115    ,  94.8221    ])
324     , nan         , array([ 2.77115    ,  94.917     ])
[ 2.77115483 94.82208706]
326     , nan         , array([ 2.77393    ,  90.4276    ])
[ 2.77115483 90.4276242 ]
328     , nan         , array([ 2.77115    ,  91.6908    ])
330     , nan         , array([ 2.77115    ,  91.7826    ])
[ 2.77115483 91.6908272 ]
332     , nan         , array([ 2.77393    ,  42.1348    ])
[ 2.77115483 42.13478431]
334     , nan         , array([ 2.77115    ,  88.6284    ])
336     , nan         , array([ 2.77115    ,  88.7171    ])
[ 2.77115483 88.62839944]
338     , nan         , array([ 2.77393    ,  28.6917    ])
[ 2.77115483 28.69166505]
340     , nan         , array([ 2.77115    ,  65.0244    ])
342     , nan         , array([ 2.77115    ,  65.0894    ])
[ 2.77115483 65.02438548]
344     , nan         , array([ 2.77393    ,  70.7649    ])
[ 2.77115483 70.76493878]
346     , nan         , array([ 2.77115    ,  27.9612    ])
348     , nan         , array([ 2.77115    ,  27.9892    ])
[ 2.77115483 27.96121134]
350     , nan         , array([ 2.77393    ,  15.2369    ])
[ 2.77115483 15.23687878]
352     , nan         , array([ 2.77115    ,  78.4106    ])
354     , nan         , array([ 2.77115    ,  78.489     ])
[ 2.77115483 78.41057467]
356     , nan         , array([ 2.77393    ,  58.7638    ])
[ 2.77115483 58.76378869]
358     , nan         , array([ 2.77115    ,  9.49675    ])
360     , nan         , array([ 2.77115    ,  9.50625    ])
[2.77115483 9.4967505 ]
362     , nan         , array([ 2.77393    ,  29.9203    ])
[ 2.77115483 29.92027826]
364     , nan         , array([ 2.77115    ,  56.1681    ])
366     , nan         , array([ 2.77115    ,  56.2243    ])
[ 2.77115483 56.16808025]
368     , nan         , array([ 2.77393    ,  46.7367    ])
[ 2.77115483 46.7367318 ]
370     , nan         , array([ 2.77115    ,  95.4055    ])
372     , nan         , array([ 2.77115    ,  95.501     ])
[ 2.77115483 95.40553318]
374     , nan         , array([ 2.77393    ,  14.9235    ])
[ 2.77115483 14.92345623]
376     , nan         , array([ 8.35232    ,  41.3351    ])
378     , nan         , array([ 8.35232    ,  41.3765    ])
[ 8.35232161 41.33513391]
380     , nan         , array([ 8.36068    ,  93.1759    ])
[ 8.35232161 93.17591072]
382     , nan         , array([ 8.35232    ,  67.8196    ])
384     , nan         , array([ 8.35232    ,  67.8874    ])
[ 8.35232161 67.81957231]
386     , nan         , array([ 8.36068    ,  85.2012    ])
[ 8.35232161 85.20121665]
388     , nan         , array([ 8.35232    ,  97.4838    ])
390     , nan         , array([ 8.35232    ,  97.5814    ])
[ 8.35232161 97.48384938]
392     , nan         , array([ 8.36068    ,  55.3035    ])
[ 8.35232161 55.30346037]
394     , nan         , array([ 8.35232    ,  90.9415    ])
396     , nan         , array([ 8.35232    ,  91.0325    ])
[ 8.35232161 90.94149094]
398     , nan         , array([ 8.36068    ,  94.8221    ])
[ 8.35232161 94.82208706]
400     , nan         , array([ 8.35232    ,  90.4276    ])
402     , nan         , array([ 8.35232    ,  90.5181    ])
[ 8.35232161 90.4276242 ]
404     , nan         , array([ 8.36068    ,  91.6908    ])
[ 8.35232161 91.6908272 ]
406     , nan         , array([ 8.35232    ,  42.1348    ])
408     , nan         , array([ 8.35232    ,  42.1769    ])
[ 8.35232161 42.13478431]
410     , nan         , array([ 8.36068    ,  88.6284    ])
[ 8.35232161 88.62839944]
412     , nan         , array([ 8.35232    ,  28.6917    ])
414     , nan         , array([ 8.35232    ,  28.7204    ])
[ 8.35232161 28.69166505]
416     , nan         , array([ 8.36068    ,  65.0244    ])
[ 8.35232161 65.02438548]
418     , nan         , array([ 8.35232    ,  70.7649    ])
420     , nan         , array([ 8.35232    ,  70.8357    ])
[ 8.35232161 70.76493878]
422     , nan         , array([ 8.36068    ,  27.9612    ])
[ 8.35232161 27.96121134]
424     , nan         , array([ 8.35232    ,  15.2369    ])
426     , nan         , array([ 8.35232    ,  15.2521    ])
[ 8.35232161 15.23687878]
428     , nan         , array([ 8.36068    ,  78.4106    ])
[ 8.35232161 78.41057467]
430     , nan         , array([ 8.35232    ,  58.7638    ])
432     , nan         , array([ 8.35232    ,  58.8226    ])
[ 8.35232161 58.76378869]
434     , nan         , array([ 8.36068    ,  9.49675    ])
[8.35232161 9.4967505 ]
436     , nan         , array([ 8.35232    ,  29.9203    ])
438     , nan         , array([ 8.35232    ,  29.9502    ])
[ 8.35232161 29.92027826]
440     , nan         , array([ 8.36068    ,  56.1681    ])
[ 8.35232161 56.16808025]
442     , nan         , array([ 8.35232    ,  46.7367    ])
444     , nan         , array([ 8.35232    ,  46.7835    ])
[ 8.35232161 46.7367318 ]
446     , nan         , array([ 8.36068    ,  95.4055    ])
[ 8.35232161 95.40553318]
448     , nan         , array([ 8.35232    ,  14.9235    ])
450     , nan         , array([ 8.35232    ,  14.9384    ])
[ 8.35232161 14.92345623]
452     , nan         , array([ 1.31067    ,  41.3351    ])
[ 1.3093647  41.33513391]
454     , nan         , array([ 1.30936    ,  93.1759    ])
456     , nan         , array([ 1.30936    ,  93.2691    ])
[ 1.3093647  93.17591072]
458     , nan         , array([ 1.31067    ,  67.8196    ])
[ 1.3093647  67.81957231]
460     , nan         , array([ 1.30936    ,  85.2012    ])
462     , nan         , array([ 1.30936    ,  85.2865    ])
[ 1.3093647  85.20121665]
464     , nan         , array([ 1.31067    ,  97.4838    ])
[ 1.3093647  97.48384938]
466     , nan         , array([ 1.30936    ,  55.3035    ])
468     , nan         , array([ 1.30936    ,  55.3588    ])
[ 1.3093647  55.30346037]
470     , nan         , array([ 1.31067    ,  90.9415    ])
[ 1.3093647  90.94149094]
472     , nan         , array([ 1.30936    ,  94.8221    ])
474     , nan         , array([ 1.30936    ,  94.917     ])
[ 1.3093647  94.82208706]
476     , nan         , array([ 1.31067    ,  90.4276    ])
[ 1.3093647 90.4276242]
478     , nan         , array([ 1.30936    ,  91.6908    ])
480     , nan         , array([ 1.30936    ,  91.7826    ])
[ 1.3093647 91.6908272]
482     , nan         , array([ 1.31067    ,  42.1348    ])
[ 1.3093647  42.13478431]
484     , nan         , array([ 1.30936    ,  88.6284    ])
486     , nan         , array([ 1.30936    ,  88.7171    ])
[ 1.3093647  88.62839944]
488     , nan         , array([ 1.31067    ,  28.6917    ])
[ 1.3093647  28.69166505]
490     , nan         , array([ 1.30936    ,  65.0244    ])
492     , nan         , array([ 1.30936    ,  65.0894    ])
[ 1.3093647  65.02438548]
494     , nan         , array([ 1.31067    ,  70.7649    ])
[ 1.3093647  70.76493878]
496     , nan         , array([ 1.30936    ,  27.9612    ])
498     , nan         , array([ 1.30936    ,  27.9892    ])
[ 1.3093647  27.96121134]
500     , nan         , array([ 1.31067    ,  15.2369    ])
[ 1.3093647  15.23687878]
502     , nan         , array([ 1.30936    ,  78.4106    ])
504     , nan         , array([ 1.30936    ,  78.489     ])
[ 1.3093647  78.41057467]
506     , nan         , array([ 1.31067    ,  58.7638    ])
[ 1.3093647  58.76378869]
508     , nan         , array([ 1.30936    ,  9.49675    ])
510     , nan         , array([ 1.30936    ,  9.50625    ])
[1.3093647 9.4967505]
512     , nan         , array([ 1.31067    ,  29.9203    ])
[ 1.3093647  29.92027826]
514     , nan         , array([ 1.30936    ,  56.1681    ])
516     , nan         , array([ 1.30936    ,  56.2243    ])
[ 1.3093647  56.16808025]
518     , nan         , array([ 1.31067    ,  46.7367    ])
[ 1.3093647 46.7367318]
520     , nan         , array([ 1.30936    ,  95.4055    ])
522     , nan         , array([ 1.30936    ,  95.501     ])
[ 1.3093647  95.40553318]
524     , nan         , array([ 1.31067    ,  14.9235    ])
[ 1.3093647  14.92345623]
526     , nan         , array([ 0.687474   ,  41.3351    ])
528     , nan         , array([ 0.687474   ,  41.3765    ])
[ 0.68747362 41.33513391]
530     , nan         , array([ 0.688161   ,  93.1759    ])
[ 0.68747362 93.17591072]
532     , nan         , array([ 0.687474   ,  67.8196    ])
534     , nan         , array([ 0.687474   ,  67.8874    ])
[ 0.68747362 67.81957231]
536     , nan         , array([ 0.688161   ,  85.2012    ])
[ 0.68747362 85.20121665]
538     , nan         , array([ 0.687474   ,  97.4838    ])
540     , nan         , array([ 0.687474   ,  97.5814    ])
[ 0.68747362 97.48384938]
542     , nan         , array([ 0.688161   ,  55.3035    ])
[ 0.68747362 55.30346037]
544     , nan         , array([ 0.687474   ,  90.9415    ])
546     , nan         , array([ 0.687474   ,  91.0325    ])
[ 0.68747362 90.94149094]
548     , nan         , array([ 0.688161   ,  94.8221    ])
[ 0.68747362 94.82208706]
550     , nan         , array([ 0.687474   ,  90.4276    ])
552     , nan         , array([ 0.687474   ,  90.5181    ])
[ 0.68747362 90.4276242 ]
554     , nan         , array([ 0.688161   ,  91.6908    ])
[ 0.68747362 91.6908272 ]
556     , nan         , array([ 0.687474   ,  42.1348    ])
558     , nan         , array([ 0.687474   ,  42.1769    ])
[ 0.68747362 42.13478431]
560     , nan         , array([ 0.688161   ,  88.6284    ])
[ 0.68747362 88.62839944]
562     , nan         , array([ 0.687474   ,  28.6917    ])
564     , nan         , array([ 0.687474   ,  28.7204    ])
[ 0.68747362 28.69166505]
566     , nan         , array([ 0.688161   ,  65.0244    ])
[ 0.68747362 65.02438548]
568     , nan         , array([ 0.687474   ,  70.7649    ])
570     , nan         , array([ 0.687474   ,  70.8357    ])
[ 0.68747362 70.76493878]
572     , nan         , array([ 0.688161   ,  27.9612    ])
[ 0.68747362 27.96121134]
574     , nan         , array([ 0.687474   ,  15.2369    ])
576     , nan         , array([ 0.687474   ,  15.2521    ])
[ 0.68747362 15.23687878]
578     , nan         , array([ 0.688161   ,  78.4106    ])
[ 0.68747362 78.41057467]
580     , nan         , array([ 0.687474   ,  58.7638    ])
582     , nan         , array([ 0.687474   ,  58.8226    ])
[ 0.68747362 58.76378869]
584     , nan         , array([ 0.688161   ,  9.49675    ])
[0.68747362 9.4967505 ]
586     , nan         , array([ 0.687474   ,  29.9203    ])
588     , nan         , array([ 0.687474   ,  29.9502    ])
[ 0.68747362 29.92027826]
590     , nan         , array([ 0.688161   ,  56.1681    ])
[ 0.68747362 56.16808025]
592     , nan         , array([ 0.687474   ,  46.7367    ])
594     , nan         , array([ 0.687474   ,  46.7835    ])
[ 0.68747362 46.7367318 ]
596     , nan         , array([ 0.688161   ,  95.4055    ])
[ 0.68747362 95.40553318]
598     , nan         , array([ 0.687474   ,  14.9235    ])
600     , nan         , array([ 0.687474   ,  14.9384    ])
[ 0.68747362 14.92345623]
602     , nan         , array([ 9.12494    ,  41.3351    ])
[ 9.11582    41.33513391]
604     , nan         , array([ 9.11582    ,  93.1759    ])
606     , nan         , array([ 9.11582    ,  93.2691    ])
[ 9.11582    93.17591072]
608     , nan         , array([ 9.12494    ,  67.8196    ])
[ 9.11582    67.81957231]
610     , nan         , array([ 9.11582    ,  85.2012    ])
612     , nan         , array([ 9.11582    ,  85.2865    ])
[ 9.11582    85.20121665]
614     , nan         , array([ 9.12494    ,  97.4838    ])
[ 9.11582    97.48384938]
616     , nan         , array([ 9.11582    ,  55.3035    ])
618     , nan         , array([ 9.11582    ,  55.3588    ])
[ 9.11582    55.30346037]
620     , nan         , array([ 9.12494    ,  90.9415    ])
[ 9.11582    90.94149094]
622     , nan         , array([ 9.11582    ,  94.8221    ])
624     , nan         , array([ 9.11582    ,  94.917     ])
[ 9.11582    94.82208706]
626     , nan         , array([ 9.12494    ,  90.4276    ])
[ 9.11582   90.4276242]
628     , nan         , array([ 9.11582    ,  91.6908    ])
630     , nan         , array([ 9.11582    ,  91.7826    ])
[ 9.11582   91.6908272]
632     , nan         , array([ 9.12494    ,  42.1348    ])
[ 9.11582    42.13478431]
634     , nan         , array([ 9.11582    ,  88.6284    ])
636     , nan         , array([ 9.11582    ,  88.7171    ])
[ 9.11582    88.62839944]
638     , nan         , array([ 9.12494    ,  28.6917    ])
[ 9.11582    28.69166505]
640     , nan         , array([ 9.11582    ,  65.0244    ])
642     , nan         , array([ 9.11582    ,  65.0894    ])
[ 9.11582    65.02438548]
644     , nan         , array([ 9.12494    ,  70.7649    ])
[ 9.11582    70.76493878]
646     , nan         , array([ 9.11582    ,  27.9612    ])
648     , nan         , array([ 9.11582    ,  27.9892    ])
[ 9.11582    27.96121134]
650     , nan         , array([ 9.12494    ,  15.2369    ])
[ 9.11582    15.23687878]
652     , nan         , array([ 9.11582    ,  78.4106    ])
654     , nan         , array([ 9.11582    ,  78.489     ])
[ 9.11582    78.41057467]
656     , nan         , array([ 9.12494    ,  58.7638    ])
[ 9.11582    58.76378869]
658     , nan         , array([ 9.11582    ,  9.49675    ])
660     , nan         , array([ 9.11582    ,  9.50625    ])
[9.11582   9.4967505]
662     , nan         , array([ 9.12494    ,  29.9203    ])
[ 9.11582    29.92027826]
664     , nan         , array([ 9.11582    ,  56.1681    ])
666     , nan         , array([ 9.11582    ,  56.2243    ])
[ 9.11582    56.16808025]
668     , nan         , array([ 9.12494    ,  46.7367    ])
[ 9.11582   46.7367318]
670     , nan         , array([ 9.11582    ,  95.4055    ])
672     , nan         , array([ 9.11582    ,  95.501     ])
[ 9.11582    95.40553318]
674     , nan         , array([ 9.12494    ,  14.9235    ])
[ 9.11582    14.92345623]
676     , nan         , array([ 1.65808    ,  41.3351    ])
678     , nan         , array([ 1.65808    ,  41.3765    ])
[ 1.65808391 41.33513391]
680     , nan         , array([ 1.65974    ,  93.1759    ])
[ 1.65808391 93.17591072]
682     , nan         , array([ 1.65808    ,  67.8196    ])
684     , nan         , array([ 1.65808    ,  67.8874    ])
[ 1.65808391 67.81957231]
686     , nan         , array([ 1.65974    ,  85.2012    ])
[ 1.65808391 85.20121665]
688     , nan         , array([ 1.65808    ,  97.4838    ])
690     , nan         , array([ 1.65808    ,  97.5814    ])
[ 1.65808391 97.48384938]
692     , nan         , array([ 1.65974    ,  55.3035    ])
[ 1.65808391 55.30346037]
694     , nan         , array([ 1.65808    ,  90.9415    ])
696     , nan         , array([ 1.65808    ,  91.0325    ])
[ 1.65808391 90.94149094]
698     , nan         , array([ 1.65974    ,  94.8221    ])
[ 1.65808391 94.82208706]
700     , nan         , array([ 1.65808    ,  90.4276    ])
702     , nan         , array([ 1.65808    ,  90.5181    ])
[ 1.65808391 90.4276242 ]
704     , nan         , array([ 1.65974    ,  91.6908    ])
[ 1.65808391 91.6908272 ]
706     , nan         , array([ 1.65808    ,  42.1348    ])
708     , nan         , array([ 1.65808    ,  42.1769    ])
[ 1.65808391 42.13478431]
710     , nan         , array([ 1.65974    ,  88.6284    ])
[ 1.65808391 88.62839944]
712     , nan         , array([ 1.65808    ,  28.6917    ])
714     , nan         , array([ 1.65808    ,  28.7204    ])
[ 1.65808391 28.69166505]
716     , nan         , array([ 1.65974    ,  65.0244    ])
[ 1.65808391 65.02438548]
718     , nan         , array([ 1.65808    ,  70.7649    ])
720     , nan         , array([ 1.65808    ,  70.8357    ])
[ 1.65808391 70.76493878]
722     , nan         , array([ 1.65974    ,  27.9612    ])
[ 1.65808391 27.96121134]
724     , nan         , array([ 1.65808    ,  15.2369    ])
726     , nan         , array([ 1.65808    ,  15.2521    ])
[ 1.65808391 15.23687878]
728     , nan         , array([ 1.65974    ,  78.4106    ])
[ 1.65808391 78.41057467]
730     , nan         , array([ 1.65808    ,  58.7638    ])
732     , nan         , array([ 1.65808    ,  58.8226    ])
[ 1.65808391 58.76378869]
734     , nan         , array([ 1.65974    ,  9.49675    ])
[1.65808391 9.4967505 ]
736     , nan         , array([ 1.65808    ,  29.9203    ])
738     , nan         , array([ 1.65808    ,  29.9502    ])
[ 1.65808391 29.92027826]
740     , nan         , array([ 1.65974    ,  56.1681    ])
[ 1.65808391 56.16808025]
742     , nan         , array([ 1.65808    ,  46.7367    ])
744     , nan         , array([ 1.65808    ,  46.7835    ])
[ 1.65808391 46.7367318 ]
746     , nan         , array([ 1.65974    ,  95.4055    ])
[ 1.65808391 95.40553318]
748     , nan         , array([ 1.65808    ,  14.9235    ])
750     , nan         , array([ 1.65808    ,  14.9384    ])
[ 1.65808391 14.92345623]
752     , nan         , array([ 4.63961    ,  41.3351    ])
[ 4.63497629 41.33513391]
754     , nan         , array([ 4.63498    ,  93.1759    ])
756     , nan         , array([ 4.63498    ,  93.2691    ])
[ 4.63497629 93.17591072]
758     , nan         , array([ 4.63961    ,  67.8196    ])
[ 4.63497629 67.81957231]
760     , nan         , array([ 4.63498    ,  85.2012    ])
762     , nan         , array([ 4.63498    ,  85.2865    ])
[ 4.63497629 85.20121665]
764     , nan         , array([ 4.63961    ,  97.4838    ])
[ 4.63497629 97.48384938]
766     , nan         , array([ 4.63498    ,  55.3035    ])
768     , nan         , array([ 4.63498    ,  55.3588    ])
[ 4.63497629 55.30346037]
770     , nan         , array([ 4.63961    ,  90.9415    ])
[ 4.63497629 90.94149094]
772     , nan         , array([ 4.63498    ,  94.8221    ])
774     , nan         , array([ 4.63498    ,  94.917     ])
[ 4.63497629 94.82208706]
776     , nan         , array([ 4.63961    ,  90.4276    ])
[ 4.63497629 90.4276242 ]
778     , nan         , array([ 4.63498    ,  91.6908    ])
780     , nan         , array([ 4.63498    ,  91.7826    ])
[ 4.63497629 91.6908272 ]
782     , nan         , array([ 4.63961    ,  42.1348    ])
[ 4.63497629 42.13478431]
784     , nan         , array([ 4.63498    ,  88.6284    ])
786     , nan         , array([ 4.63498    ,  88.7171    ])
[ 4.63497629 88.62839944]
788     , nan         , array([ 4.63961    ,  28.6917    ])
[ 4.63497629 28.69166505]
790     , nan         , array([ 4.63498    ,  65.0244    ])
792     , nan         , array([ 4.63498    ,  65.0894    ])
[ 4.63497629 65.02438548]
794     , nan         , array([ 4.63961    ,  70.7649    ])
[ 4.63497629 70.76493878]
796     , nan         , array([ 4.63498    ,  27.9612    ])
798     , nan         , array([ 4.63498    ,  27.9892    ])
[ 4.63497629 27.96121134]
800     , nan         , array([ 4.63961    ,  15.2369    ])
[ 4.63497629 15.23687878]
802     , nan         , array([ 4.63498    ,  78.4106    ])
804     , nan         , array([ 4.63498    ,  78.489     ])
[ 4.63497629 78.41057467]
806     , nan         , array([ 4.63961    ,  58.7638    ])
[ 4.63497629 58.76378869]
808     , nan         , array([ 4.63498    ,  9.49675    ])
810     , nan         , array([ 4.63498    ,  9.50625    ])
[4.63497629 9.4967505 ]
812     , nan         , array([ 4.63961    ,  29.9203    ])
[ 4.63497629 29.92027826]
814     , nan         , array([ 4.63498    ,  56.1681    ])
816     , nan         , array([ 4.63498    ,  56.2243    ])
[ 4.63497629 56.16808025]
818     , nan         , array([ 4.63961    ,  46.7367    ])
[ 4.63497629 46.7367318 ]
820     , nan         , array([ 4.63498    ,  95.4055    ])
822     , nan         , array([ 4.63498    ,  95.501     ])
[ 4.63497629 95.40553318]
824     , nan         , array([ 4.63961    ,  14.9235    ])
[ 4.63497629 14.92345623]
826     , nan         , array([ 4.32071    ,  41.3351    ])
828     , nan         , array([ 4.32071    ,  41.3765    ])
[ 4.32071211 41.33513391]
830     , nan         , array([ 4.32503    ,  93.1759    ])
[ 4.32071211 93.17591072]
832     , nan         , array([ 4.32071    ,  67.8196    ])
834     , nan         , array([ 4.32071    ,  67.8874    ])
[ 4.32071211 67.81957231]
836     , nan         , array([ 4.32503    ,  85.2012    ])
[ 4.32071211 85.20121665]
838     , nan         , array([ 4.32071    ,  97.4838    ])
840     , nan         , array([ 4.32071    ,  97.5814    ])
[ 4.32071211 97.48384938]
842     , nan         , array([ 4.32503    ,  55.3035    ])
[ 4.32071211 55.30346037]
844     , nan         , array([ 4.32071    ,  90.9415    ])
846     , nan         , array([ 4.32071    ,  91.0325    ])
[ 4.32071211 90.94149094]
848     , nan         , array([ 4.32503    ,  94.8221    ])
[ 4.32071211 94.82208706]
850     , nan         , array([ 4.32071    ,  90.4276    ])
852     , nan         , array([ 4.32071    ,  90.5181    ])
[ 4.32071211 90.4276242 ]
854     , nan         , array([ 4.32503    ,  91.6908    ])
[ 4.32071211 91.6908272 ]
856     , nan         , array([ 4.32071    ,  42.1348    ])
858     , nan         , array([ 4.32071    ,  42.1769    ])
[ 4.32071211 42.13478431]
860     , nan         , array([ 4.32503    ,  88.6284    ])
[ 4.32071211 88.62839944]
862     , nan         , array([ 4.32071    ,  28.6917    ])
864     , nan         , array([ 4.32071    ,  28.7204    ])
[ 4.32071211 28.69166505]
866     , nan         , array([ 4.32503    ,  65.0244    ])
[ 4.32071211 65.02438548]
868     , nan         , array([ 4.32071    ,  70.7649    ])
870     , nan         , array([ 4.32071    ,  70.8357    ])
[ 4.32071211 70.76493878]
872     , nan         , array([ 4.32503    ,  27.9612    ])
[ 4.32071211 27.96121134]
874     , nan         , array([ 4.32071    ,  15.2369    ])
876     , nan         , array([ 4.32071    ,  15.2521    ])
[ 4.32071211 15.23687878]
878     , nan         , array([ 4.32503    ,  78.4106    ])
[ 4.32071211 78.41057467]
880     , nan         , array([ 4.32071    ,  58.7638    ])
882     , nan         , array([ 4.32071    ,  58.8226    ])
[ 4.32071211 58.76378869]
884     , nan         , array([ 4.32503    ,  9.49675    ])
[4.32071211 9.4967505 ]
886     , nan         , array([ 4.32071    ,  29.9203    ])
888     , nan         , array([ 4.32071    ,  29.9502    ])
[ 4.32071211 29.92027826]
890     , nan         , array([ 4.32503    ,  56.1681    ])
[ 4.32071211 56.16808025]
892     , nan         , array([ 4.32071    ,  46.7367    ])
894     , nan         , array([ 4.32071    ,  46.7835    ])
[ 4.32071211 46.7367318 ]
896     , nan         , array([ 4.32503    ,  95.4055    ])
[ 4.32071211 95.40553318]
898     , nan         , array([ 4.32071    ,  14.9235    ])
900     , nan         , array([ 4.32071    ,  14.9384    ])
[ 4.32071211 14.92345623]
902     , nan         , array([ 0.103064   ,  41.3351    ])
[ 0.10296124 41.33513391]
904     , nan         , array([ 0.102961   ,  93.1759    ])
906     , nan         , array([ 0.102961   ,  93.2691    ])
[ 0.10296124 93.17591072]
908     , nan         , array([ 0.103064   ,  67.8196    ])
[ 0.10296124 67.81957231]
910     , nan         , array([ 0.102961   ,  85.2012    ])
912     , nan         , array([ 0.102961   ,  85.2865    ])
[ 0.10296124 85.20121665]
914     , nan         , array([ 0.103064   ,  97.4838    ])
[ 0.10296124 97.48384938]
916     , nan         , array([ 0.102961   ,  55.3035    ])
918     , nan         , array([ 0.102961   ,  55.3588    ])
[ 0.10296124 55.30346037]
920     , nan         , array([ 0.103064   ,  90.9415    ])
[ 0.10296124 90.94149094]
922     , nan         , array([ 0.102961   ,  94.8221    ])
924     , nan         , array([ 0.102961   ,  94.917     ])
[ 0.10296124 94.82208706]
926     , nan         , array([ 0.103064   ,  90.4276    ])
[ 0.10296124 90.4276242 ]
928     , nan         , array([ 0.102961   ,  91.6908    ])
930     , nan         , array([ 0.102961   ,  91.7826    ])
[ 0.10296124 91.6908272 ]
932     , nan         , array([ 0.103064   ,  42.1348    ])
[ 0.10296124 42.13478431]
934     , nan         , array([ 0.102961   ,  88.6284    ])
936     , nan         , array([ 0.102961   ,  88.7171    ])
[ 0.10296124 88.62839944]
938     , nan         , array([ 0.103064   ,  28.6917    ])
[ 0.10296124 28.69166505]
940     , nan         , array([ 0.102961   ,  65.0244    ])
942     , nan         , array([ 0.102961   ,  65.0894    ])
[ 0.10296124 65.02438548]
944     , nan         , array([ 0.103064   ,  70.7649    ])
[ 0.10296124 70.76493878]
946     , nan         , array([ 0.102961   ,  27.9612    ])
948     , nan         , array([ 0.102961   ,  27.9892    ])
[ 0.10296124 27.96121134]
950     , nan         , array([ 0.103064   ,  15.2369    ])
[ 0.10296124 15.23687878]
952     , nan         , array([ 0.102961   ,  78.4106    ])
954     , nan         , array([ 0.102961   ,  78.489     ])
[ 0.10296124 78.41057467]
956     , nan         , array([ 0.103064   ,  58.7638    ])
[ 0.10296124 58.76378869]
958     , nan         , array([ 0.102961   ,  9.49675    ])
960     , nan         , array([ 0.102961   ,  9.50625    ])
[0.10296124 9.4967505 ]
962     , nan         , array([ 0.103064   ,  29.9203    ])
[ 0.10296124 29.92027826]
964     , nan         , array([ 0.102961   ,  56.1681    ])
966     , nan         , array([ 0.102961   ,  56.2243    ])
[ 0.10296124 56.16808025]
968     , nan         , array([ 0.103064   ,  46.7367    ])
[ 0.10296124 46.7367318 ]
970     , nan         , array([ 0.102961   ,  95.4055    ])
972     , nan         , array([ 0.102961   ,  95.501     ])
[ 0.10296124 95.40553318]
974     , nan         , array([ 0.103064   ,  14.9235    ])
[ 0.10296124 14.92345623]
976     , nan         , array([ 9.76543    ,  41.3351    ])
978     , nan         , array([ 9.76543    ,  41.3765    ])
[ 9.76543131 41.33513391]
980     , nan         , array([ 9.7752     ,  93.1759    ])
[ 9.76543131 93.17591072]
982     , nan         , array([ 9.76543    ,  67.8196    ])
984     , nan         , array([ 9.76543    ,  67.8874    ])
[ 9.76543131 67.81957231]
986     , nan         , array([ 9.7752     ,  85.2012    ])
[ 9.76543131 85.20121665]
988     , nan         , array([ 9.76543    ,  97.4838    ])
990     , nan         , array([ 9.76543    ,  97.5814    ])
[ 9.76543131 97.48384938]
992     , nan         , array([ 9.7752     ,  55.3035    ])
[ 9.76543131 55.30346037]
994     , nan         , array([ 9.76543    ,  90.9415    ])
996     , nan         , array([ 9.76543    ,  91.0325    ])
[ 9.76543131 90.94149094]
998     , nan         , array([ 9.7752     ,  94.8221    ])
[ 9.76543131 94.82208706]
1000    , nan         , array([ 9.76543    ,  90.4276    ])
1002    , nan         , array([ 9.76543    ,  90.5181    ])
[ 9.76543131 90.4276242 ]
1004    , nan         , array([ 9.7752     ,  91.6908    ])
[ 9.76543131 91.6908272 ]
1006    , nan         , array([ 9.76543    ,  42.1348    ])
1008    , nan         , array([ 9.76543    ,  42.1769    ])
[ 9.76543131 42.13478431]
1010    , nan         , array([ 9.7752     ,  88.6284    ])
[ 9.76543131 88.62839944]
1012    , nan         , array([ 9.76543    ,  28.6917    ])
1014    , nan         , array([ 9.76543    ,  28.7204    ])
[ 9.76543131 28.69166505]
1016    , nan         , array([ 9.7752     ,  65.0244    ])
[ 9.76543131 65.02438548]
1018    , nan         , array([ 9.76543    ,  70.7649    ])
1020    , nan         , array([ 9.76543    ,  70.8357    ])
[ 9.76543131 70.76493878]
1022    , nan         , array([ 9.7752     ,  27.9612    ])
[ 9.76543131 27.96121134]
1024    , nan         , array([ 9.76543    ,  15.2369    ])
1026    , nan         , array([ 9.76543    ,  15.2521    ])
[ 9.76543131 15.23687878]
1028    , nan         , array([ 9.7752     ,  78.4106    ])
[ 9.76543131 78.41057467]
1030    , nan         , array([ 9.76543    ,  58.7638    ])
1032    , nan         , array([ 9.76543    ,  58.8226    ])
[ 9.76543131 58.76378869]
1034    , nan         , array([ 9.7752     ,  9.49675    ])
[9.76543131 9.4967505 ]
1036    , nan         , array([ 9.76543    ,  29.9203    ])
1038    , nan         , array([ 9.76543    ,  29.9502    ])
[ 9.76543131 29.92027826]
1040    , nan         , array([ 9.7752     ,  56.1681    ])
[ 9.76543131 56.16808025]
1042    , nan         , array([ 9.76543    ,  46.7367    ])
1044    , nan         , array([ 9.76543    ,  46.7835    ])
[ 9.76543131 46.7367318 ]
1046    , nan         , array([ 9.7752     ,  95.4055    ])
[ 9.76543131 95.40553318]
1048    , nan         , array([ 9.76543    ,  14.9235    ])
1050    , nan         , array([ 9.76543    ,  14.9384    ])
[ 9.76543131 14.92345623]
1052    , nan         , array([ 7.0976     ,  41.3351    ])
[ 7.09050184 41.33513391]
1054    , nan         , array([ 7.0905     ,  93.1759    ])
1056    , nan         , array([ 7.0905     ,  93.2691    ])
[ 7.09050184 93.17591072]
1058    , nan         , array([ 7.0976     ,  67.8196    ])
[ 7.09050184 67.81957231]
1060    , nan         , array([ 7.0905     ,  85.2012    ])
1062    , nan         , array([ 7.0905     ,  85.2865    ])
[ 7.09050184 85.20121665]
1064    , nan         , array([ 7.0976     ,  97.4838    ])
[ 7.09050184 97.48384938]
1066    , nan         , array([ 7.0905     ,  55.3035    ])
1068    , nan         , array([ 7.0905     ,  55.3588    ])
[ 7.09050184 55.30346037]
1070    , nan         , array([ 7.0976     ,  90.9415    ])
[ 7.09050184 90.94149094]
1072    , nan         , array([ 7.0905     ,  94.8221    ])
1074    , nan         , array([ 7.0905     ,  94.917     ])
[ 7.09050184 94.82208706]
1076    , nan         , array([ 7.0976     ,  90.4276    ])
[ 7.09050184 90.4276242 ]
1078    , nan         , array([ 7.0905     ,  91.6908    ])
1080    , nan         , array([ 7.0905     ,  91.7826    ])
[ 7.09050184 91.6908272 ]
1082    , nan         , array([ 7.0976     ,  42.1348    ])
[ 7.09050184 42.13478431]
1084    , nan         , array([ 7.0905     ,  88.6284    ])
1086    , nan         , array([ 7.0905     ,  88.7171    ])
[ 7.09050184 88.62839944]
1088    , nan         , array([ 7.0976     ,  28.6917    ])
[ 7.09050184 28.69166505]
1090    , nan         , array([ 7.0905     ,  65.0244    ])
1092    , nan         , array([ 7.0905     ,  65.0894    ])
[ 7.09050184 65.02438548]
1094    , nan         , array([ 7.0976     ,  70.7649    ])
[ 7.09050184 70.76493878]
1096    , nan         , array([ 7.0905     ,  27.9612    ])
1098    , nan         , array([ 7.0905     ,  27.9892    ])
[ 7.09050184 27.96121134]
1100    , nan         , array([ 7.0976     ,  15.2369    ])
[ 7.09050184 15.23687878]
1102    , nan         , array([ 7.0905     ,  78.4106    ])
1104    , nan         , array([ 7.0905     ,  78.489     ])
[ 7.09050184 78.41057467]
1106    , nan         , array([ 7.0976     ,  58.7638    ])
[ 7.09050184 58.76378869]
1108    , nan         , array([ 7.0905     ,  9.49675    ])
1110    , nan         , array([ 7.0905     ,  9.50625    ])
[7.09050184 9.4967505 ]
1112    , nan         , array([ 7.0976     ,  29.9203    ])
[ 7.09050184 29.92027826]
1114    , nan         , array([ 7.0905     ,  56.1681    ])
1116    , nan         , array([ 7.0905     ,  56.2243    ])
[ 7.09050184 56.16808025]
1118    , nan         , array([ 7.0976     ,  46.7367    ])
[ 7.09050184 46.7367318 ]
1120    , nan         , array([ 7.0905     ,  95.4055    ])
1122    , nan         , array([ 7.0905     ,  95.501     ])
[ 7.09050184 95.40553318]
1124    , nan         , array([ 7.0976     ,  14.9235    ])
[ 7.09050184 14.92345623]
1126    , nan         , array([ 4.92016    ,  41.3351    ])
1128    , nan         , array([ 4.92016    ,  41.3765    ])
[ 4.92015682 41.33513391]
1130    , nan         , array([ 4.92508    ,  93.1759    ])
[ 4.92015682 93.17591072]
1132    , nan         , array([ 4.92016    ,  67.8196    ])
1134    , nan         , array([ 4.92016    ,  67.8874    ])
[ 4.92015682 67.81957231]
1136    , nan         , array([ 4.92508    ,  85.2012    ])
[ 4.92015682 85.20121665]
1138    , nan         , array([ 4.92016    ,  97.4838    ])
1140    , nan         , array([ 4.92016    ,  97.5814    ])
[ 4.92015682 97.48384938]
1142    , nan         , array([ 4.92508    ,  55.3035    ])
[ 4.92015682 55.30346037]
1144    , nan         , array([ 4.92016    ,  90.9415    ])
1146    , nan         , array([ 4.92016    ,  91.0325    ])
[ 4.92015682 90.94149094]
1148    , nan         , array([ 4.92508    ,  94.8221    ])
[ 4.92015682 94.82208706]
1150    , nan         , array([ 4.92016    ,  90.4276    ])
1152    , nan         , array([ 4.92016    ,  90.5181    ])
[ 4.92015682 90.4276242 ]
1154    , nan         , array([ 4.92508    ,  91.6908    ])
[ 4.92015682 91.6908272 ]
1156    , nan         , array([ 4.92016    ,  42.1348    ])
1158    , nan         , array([ 4.92016    ,  42.1769    ])
[ 4.92015682 42.13478431]
1160    , nan         , array([ 4.92508    ,  88.6284    ])
[ 4.92015682 88.62839944]
1162    , nan         , array([ 4.92016    ,  28.6917    ])
1164    , nan         , array([ 4.92016    ,  28.7204    ])
[ 4.92015682 28.69166505]
1166    , nan         , array([ 4.92508    ,  65.0244    ])
[ 4.92015682 65.02438548]
1168    , nan         , array([ 4.92016    ,  70.7649    ])
1170    , nan         , array([ 4.92016    ,  70.8357    ])
[ 4.92015682 70.76493878]
1172    , nan         , array([ 4.92508    ,  27.9612    ])
[ 4.92015682 27.96121134]
1174    , nan         , array([ 4.92016    ,  15.2369    ])
1176    , nan         , array([ 4.92016    ,  15.2521    ])
[ 4.92015682 15.23687878]
1178    , nan         , array([ 4.92508    ,  78.4106    ])
[ 4.92015682 78.41057467]
1180    , nan         , array([ 4.92016    ,  58.7638    ])
1182    , nan         , array([ 4.92016    ,  58.8226    ])
[ 4.92015682 58.76378869]
1184    , nan         , array([ 4.92508    ,  9.49675    ])
[4.92015682 9.4967505 ]
1186    , nan         , array([ 4.92016    ,  29.9203    ])
1188    , nan         , array([ 4.92016    ,  29.9502    ])
[ 4.92015682 29.92027826]
1190    , nan         , array([ 4.92508    ,  56.1681    ])
[ 4.92015682 56.16808025]
1192    , nan         , array([ 4.92016    ,  46.7367    ])
1194    , nan         , array([ 4.92016    ,  46.7835    ])
[ 4.92015682 46.7367318 ]
1196    , nan         , array([ 4.92508    ,  95.4055    ])
[ 4.92015682 95.40553318]
1198    , nan         , array([ 4.92016    ,  14.9235    ])
1200    , nan         , array([ 4.92016    ,  14.9384    ])
[ 4.92015682 14.92345623]
1202    , nan         , array([ 2.48891    ,  41.3351    ])
[ 2.48642132 41.33513391]
1204    , nan         , array([ 2.48642    ,  93.1759    ])
1206    , nan         , array([ 2.48642    ,  93.2691    ])
[ 2.48642132 93.17591072]
1208    , nan         , array([ 2.48891    ,  67.8196    ])
[ 2.48642132 67.81957231]
1210    , nan         , array([ 2.48642    ,  85.2012    ])
1212    , nan         , array([ 2.48642    ,  85.2865    ])
[ 2.48642132 85.20121665]
1214    , nan         , array([ 2.48891    ,  97.4838    ])
[ 2.48642132 97.48384938]
1216    , nan         , array([ 2.48642    ,  55.3035    ])
1218    , nan         , array([ 2.48642    ,  55.3588    ])
[ 2.48642132 55.30346037]
1220    , nan         , array([ 2.48891    ,  90.9415    ])
[ 2.48642132 90.94149094]
1222    , nan         , array([ 2.48642    ,  94.8221    ])
1224    , nan         , array([ 2.48642    ,  94.917     ])
[ 2.48642132 94.82208706]
1226    , nan         , array([ 2.48891    ,  90.4276    ])
[ 2.48642132 90.4276242 ]
1228    , nan         , array([ 2.48642    ,  91.6908    ])
1230    , nan         , array([ 2.48642    ,  91.7826    ])
[ 2.48642132 91.6908272 ]
1232    , nan         , array([ 2.48891    ,  42.1348    ])
[ 2.48642132 42.13478431]
1234    , nan         , array([ 2.48642    ,  88.6284    ])
1236    , nan         , array([ 2.48642    ,  88.7171    ])
[ 2.48642132 88.62839944]
1238    , nan         , array([ 2.48891    ,  28.6917    ])
[ 2.48642132 28.69166505]
1240    , nan         , array([ 2.48642    ,  65.0244    ])
1242    , nan         , array([ 2.48642    ,  65.0894    ])
[ 2.48642132 65.02438548]
1244    , nan         , array([ 2.48891    ,  70.7649    ])
[ 2.48642132 70.76493878]
1246    , nan         , array([ 2.48642    ,  27.9612    ])
1248    , nan         , array([ 2.48642    ,  27.9892    ])
[ 2.48642132 27.96121134]
1250    , nan         , array([ 2.48891    ,  15.2369    ])
[ 2.48642132 15.23687878]
1252    , nan         , array([ 2.48642    ,  78.4106    ])
1254    , nan         , array([ 2.48642    ,  78.489     ])
[ 2.48642132 78.41057467]
1256    , nan         , array([ 2.48891    ,  58.7638    ])
[ 2.48642132 58.76378869]
1258    , nan         , array([ 2.48642    ,  9.49675    ])
1260    , nan         , array([ 2.48642    ,  9.50625    ])
[2.48642132 9.4967505 ]
1262    , nan         , array([ 2.48891    ,  29.9203    ])
[ 2.48642132 29.92027826]
1264    , nan         , array([ 2.48642    ,  56.1681    ])
1266    , nan         , array([ 2.48642    ,  56.2243    ])
[ 2.48642132 56.16808025]
1268    , nan         , array([ 2.48891    ,  46.7367    ])
[ 2.48642132 46.7367318 ]
1270    , nan         , array([ 2.48642    ,  95.4055    ])
1272    , nan         , array([ 2.48642    ,  95.501     ])
[ 2.48642132 95.40553318]
1274    , nan         , array([ 2.48891    ,  14.9235    ])
[ 2.48642132 14.92345623]
1276    , nan         , array([ 1.52169    ,  41.3351    ])
1278    , nan         , array([ 1.52169    ,  41.3765    ])
[ 1.52168939 41.33513391]
1280    , nan         , array([ 1.52321    ,  93.1759    ])
[ 1.52168939 93.17591072]
1282    , nan         , array([ 1.52169    ,  67.8196    ])
1284    , nan         , array([ 1.52169    ,  67.8874    ])
[ 1.52168939 67.81957231]
1286    , nan         , array([ 1.52321    ,  85.2012    ])
[ 1.52168939 85.20121665]
1288    , nan         , array([ 1.52169    ,  97.4838    ])
1290    , nan         , array([ 1.52169    ,  97.5814    ])
[ 1.52168939 97.48384938]
1292    , nan         , array([ 1.52321    ,  55.3035    ])
[ 1.52168939 55.30346037]
1294    , nan         , array([ 1.52169    ,  90.9415    ])
1296    , nan         , array([ 1.52169    ,  91.0325    ])
[ 1.52168939 90.94149094]
1298    , nan         , array([ 1.52321    ,  94.8221    ])
[ 1.52168939 94.82208706]
1300    , nan         , array([ 1.52169    ,  90.4276    ])
1302    , nan         , array([ 1.52169    ,  90.5181    ])
[ 1.52168939 90.4276242 ]
1304    , nan         , array([ 1.52321    ,  91.6908    ])
[ 1.52168939 91.6908272 ]
1306    , nan         , array([ 1.52169    ,  42.1348    ])
1308    , nan         , array([ 1.52169    ,  42.1769    ])
[ 1.52168939 42.13478431]
1310    , nan         , array([ 1.52321    ,  88.6284    ])
[ 1.52168939 88.62839944]
1312    , nan         , array([ 1.52169    ,  28.6917    ])
1314    , nan         , array([ 1.52169    ,  28.7204    ])
[ 1.52168939 28.69166505]
1316    , nan         , array([ 1.52321    ,  65.0244    ])
[ 1.52168939 65.02438548]
1318    , nan         , array([ 1.52169    ,  70.7649    ])
1320    , nan         , array([ 1.52169    ,  70.8357    ])
[ 1.52168939 70.76493878]
1322    , nan         , array([ 1.52321    ,  27.9612    ])
[ 1.52168939 27.96121134]
1324    , nan         , array([ 1.52169    ,  15.2369    ])
1326    , nan         , array([ 1.52169    ,  15.2521    ])
[ 1.52168939 15.23687878]
1328    , nan         , array([ 1.52321    ,  78.4106    ])
[ 1.52168939 78.41057467]
1330    , nan         , array([ 1.52169    ,  58.7638    ])
1332    , nan         , array([ 1.52169    ,  58.8226    ])
[ 1.52168939 58.76378869]
1334    , nan         , array([ 1.52321    ,  9.49675    ])
[1.52168939 9.4967505 ]
1336    , nan         , array([ 1.52169    ,  29.9203    ])
1338    , nan         , array([ 1.52169    ,  29.9502    ])
[ 1.52168939 29.92027826]
1340    , nan         , array([ 1.52321    ,  56.1681    ])
[ 1.52168939 56.16808025]
1342    , nan         , array([ 1.52169    ,  46.7367    ])
1344    , nan         , array([ 1.52169    ,  46.7835    ])
[ 1.52168939 46.7367318 ]
1346    , nan         , array([ 1.52321    ,  95.4055    ])
[ 1.52168939 95.40553318]
1348    , nan         , array([ 1.52169    ,  14.9235    ])
1350    , nan         , array([ 1.52169    ,  14.9384    ])
[ 1.52168939 14.92345623]
1352    , nan         , array([ 4.67619    ,  41.3351    ])
[ 4.67151714 41.33513391]
1354    , nan         , array([ 4.67152    ,  93.1759    ])
1356    , nan         , array([ 4.67152    ,  93.2691    ])
[ 4.67151714 93.17591072]
1358    , nan         , array([ 4.67619    ,  67.8196    ])
[ 4.67151714 67.81957231]
1360    , nan         , array([ 4.67152    ,  85.2012    ])
1362    , nan         , array([ 4.67152    ,  85.2865    ])
[ 4.67151714 85.20121665]
1364    , nan         , array([ 4.67619    ,  97.4838    ])
[ 4.67151714 97.48384938]
1366    , nan         , array([ 4.67152    ,  55.3035    ])
1368    , nan         , array([ 4.67152    ,  55.3588    ])
[ 4.67151714 55.30346037]
1370    , nan         , array([ 4.67619    ,  90.9415    ])
[ 4.67151714 90.94149094]
1372    , nan         , array([ 4.67152    ,  94.8221    ])
1374    , nan         , array([ 4.67152    ,  94.917     ])
[ 4.67151714 94.82208706]
1376    , nan         , array([ 4.67619    ,  90.4276    ])
[ 4.67151714 90.4276242 ]
1378    , nan         , array([ 4.67152    ,  91.6908    ])
1380    , nan         , array([ 4.67152    ,  91.7826    ])
[ 4.67151714 91.6908272 ]
1382    , nan         , array([ 4.67619    ,  42.1348    ])
[ 4.67151714 42.13478431]
1384    , nan         , array([ 4.67152    ,  88.6284    ])
1386    , nan         , array([ 4.67152    ,  88.7171    ])
[ 4.67151714 88.62839944]
1388    , nan         , array([ 4.67619    ,  28.6917    ])
[ 4.67151714 28.69166505]
1390    , nan         , array([ 4.67152    ,  65.0244    ])
1392    , nan         , array([ 4.67152    ,  65.0894    ])
[ 4.67151714 65.02438548]
1394    , nan         , array([ 4.67619    ,  70.7649    ])
[ 4.67151714 70.76493878]
1396    , nan         , array([ 4.67152    ,  27.9612    ])
1398    , nan         , array([ 4.67152    ,  27.9892    ])
[ 4.67151714 27.96121134]
1400    , nan         , array([ 4.67619    ,  15.2369    ])
[ 4.67151714 15.23687878]
1402    , nan         , array([ 4.67152    ,  78.4106    ])
1404    , nan         , array([ 4.67152    ,  78.489     ])
[ 4.67151714 78.41057467]
1406    , nan         , array([ 4.67619    ,  58.7638    ])
[ 4.67151714 58.76378869]
1408    , nan         , array([ 4.67152    ,  9.49675    ])
1410    , nan         , array([ 4.67152    ,  9.50625    ])
[4.67151714 9.4967505 ]
1412    , nan         , array([ 4.67619    ,  29.9203    ])
[ 4.67151714 29.92027826]
1414    , nan         , array([ 4.67152    ,  56.1681    ])
1416    , nan         , array([ 4.67152    ,  56.2243    ])
[ 4.67151714 56.16808025]
1418    , nan         , array([ 4.67619    ,  46.7367    ])
[ 4.67151714 46.7367318 ]
1420    , nan         , array([ 4.67152    ,  95.4055    ])
1422    , nan         , array([ 4.67152    ,  95.501     ])
[ 4.67151714 95.40553318]
1424    , nan         , array([ 4.67619    ,  14.9235    ])
[ 4.67151714 14.92345623]
1426    , nan         , array([ 3.14827    ,  41.3351    ])
1428    , nan         , array([ 3.14827    ,  41.3765    ])
[ 3.14827181 41.33513391]
1430    , nan         , array([ 3.15142    ,  93.1759    ])
[ 3.14827181 93.17591072]
1432    , nan         , array([ 3.14827    ,  67.8196    ])
1434    , nan         , array([ 3.14827    ,  67.8874    ])
[ 3.14827181 67.81957231]
1436    , nan         , array([ 3.15142    ,  85.2012    ])
[ 3.14827181 85.20121665]
1438    , nan         , array([ 3.14827    ,  97.4838    ])
1440    , nan         , array([ 3.14827    ,  97.5814    ])
[ 3.14827181 97.48384938]
1442    , nan         , array([ 3.15142    ,  55.3035    ])
[ 3.14827181 55.30346037]
1444    , nan         , array([ 3.14827    ,  90.9415    ])
1446    , nan         , array([ 3.14827    ,  91.0325    ])
[ 3.14827181 90.94149094]
1448    , nan         , array([ 3.15142    ,  94.8221    ])
[ 3.14827181 94.82208706]
1450    , nan         , array([ 3.14827    ,  90.4276    ])
1452    , nan         , array([ 3.14827    ,  90.5181    ])
[ 3.14827181 90.4276242 ]
1454    , nan         , array([ 3.15142    ,  91.6908    ])
[ 3.14827181 91.6908272 ]
1456    , nan         , array([ 3.14827    ,  42.1348    ])
1458    , nan         , array([ 3.14827    ,  42.1769    ])
[ 3.14827181 42.13478431]
1460    , nan         , array([ 3.15142    ,  88.6284    ])
[ 3.14827181 88.62839944]
1462    , nan         , array([ 3.14827    ,  28.6917    ])
1464    , nan         , array([ 3.14827    ,  28.7204    ])
[ 3.14827181 28.69166505]
1466    , nan         , array([ 3.15142    ,  65.0244    ])
[ 3.14827181 65.02438548]
1468    , nan         , array([ 3.14827    ,  70.7649    ])
1470    , nan         , array([ 3.14827    ,  70.8357    ])
[ 3.14827181 70.76493878]
1472    , nan         , array([ 3.15142    ,  27.9612    ])
[ 3.14827181 27.96121134]
1474    , nan         , array([ 3.14827    ,  15.2369    ])
1476    , nan         , array([ 3.14827    ,  15.2521    ])
[ 3.14827181 15.23687878]
1478    , nan         , array([ 3.15142    ,  78.4106    ])
[ 3.14827181 78.41057467]
1480    , nan         , array([ 3.14827    ,  58.7638    ])
1482    , nan         , array([ 3.14827    ,  58.8226    ])
[ 3.14827181 58.76378869]
1484    , nan         , array([ 3.15142    ,  9.49675    ])
[3.14827181 9.4967505 ]
1486    , nan         , array([ 3.14827    ,  29.9203    ])
1488    , nan         , array([ 3.14827    ,  29.9502    ])
[ 3.14827181 29.92027826]
1490    , nan         , array([ 3.15142    ,  56.1681    ])
[ 3.14827181 56.16808025]
1492    , nan         , array([ 3.14827    ,  46.7367    ])
1494    , nan         , array([ 3.14827    ,  46.7835    ])
[ 3.14827181 46.7367318 ]
1496    , nan         , array([ 3.15142    ,  95.4055    ])
[ 3.14827181 95.40553318]
1498    , nan         , array([ 3.14827    ,  14.9235    ])
1500    , nan         , array([ 3.14827    ,  14.9384    ])
[ 3.14827181 14.92345623]
1502    , nan         , array([ 0.50206    ,  41.3351    ])
[ 0.50155778 41.33513391]
1504    , nan         , array([ 0.501558   ,  93.1759    ])
1506    , nan         , array([ 0.501558   ,  93.2691    ])
[ 0.50155778 93.17591072]
1508    , nan         , array([ 0.50206    ,  67.8196    ])
[ 0.50155778 67.81957231]
1510    , nan         , array([ 0.501558   ,  85.2012    ])
1512    , nan         , array([ 0.501558   ,  85.2865    ])
[ 0.50155778 85.20121665]
1514    , nan         , array([ 0.50206    ,  97.4838    ])
[ 0.50155778 97.48384938]
1516    , nan         , array([ 0.501558   ,  55.3035    ])
1518    , nan         , array([ 0.501558   ,  55.3588    ])
[ 0.50155778 55.30346037]
1520    , nan         , array([ 0.50206    ,  90.9415    ])
[ 0.50155778 90.94149094]
1522    , nan         , array([ 0.501558   ,  94.8221    ])
1524    , nan         , array([ 0.501558   ,  94.917     ])
[ 0.50155778 94.82208706]
1526    , nan         , array([ 0.50206    ,  90.4276    ])
[ 0.50155778 90.4276242 ]
1528    , nan         , array([ 0.501558   ,  91.6908    ])
1530    , nan         , array([ 0.501558   ,  91.7826    ])
[ 0.50155778 91.6908272 ]
1532    , nan         , array([ 0.50206    ,  42.1348    ])
[ 0.50155778 42.13478431]
1534    , nan         , array([ 0.501558   ,  88.6284    ])
1536    , nan         , array([ 0.501558   ,  88.7171    ])
[ 0.50155778 88.62839944]
1538    , nan         , array([ 0.50206    ,  28.6917    ])
[ 0.50155778 28.69166505]
1540    , nan         , array([ 0.501558   ,  65.0244    ])
1542    , nan         , array([ 0.501558   ,  65.0894    ])
[ 0.50155778 65.02438548]
1544    , nan         , array([ 0.50206    ,  70.7649    ])
[ 0.50155778 70.76493878]
1546    , nan         , array([ 0.501558   ,  27.9612    ])
1548    , nan         , array([ 0.501558   ,  27.9892    ])
[ 0.50155778 27.96121134]
1550    , nan         , array([ 0.50206    ,  15.2369    ])
[ 0.50155778 15.23687878]
1552    , nan         , array([ 0.501558   ,  78.4106    ])
1554    , nan         , array([ 0.501558   ,  78.489     ])
[ 0.50155778 78.41057467]
1556    , nan         , array([ 0.50206    ,  58.7638    ])
[ 0.50155778 58.76378869]
1558    , nan         , array([ 0.501558   ,  9.49675    ])
1560    , nan         , array([ 0.501558   ,  9.50625    ])
[0.50155778 9.4967505 ]
1562    , nan         , array([ 0.50206    ,  29.9203    ])
[ 0.50155778 29.92027826]
1564    , nan         , array([ 0.501558   ,  56.1681    ])
1566    , nan         , array([ 0.501558   ,  56.2243    ])
[ 0.50155778 56.16808025]
1568    , nan         , array([ 0.50206    ,  46.7367    ])
[ 0.50155778 46.7367318 ]
1570    , nan         , array([ 0.501558   ,  95.4055    ])
1572    , nan         , array([ 0.501558   ,  95.501     ])
[ 0.50155778 95.40553318]
1574    , nan         , array([ 0.50206    ,  14.9235    ])
[ 0.50155778 14.92345623]
1576    , nan         , array([ 2.37333    ,  41.3351    ])
1578    , nan         , array([ 2.37333    ,  41.3765    ])
[ 2.37333437 41.33513391]
1580    , nan         , array([ 2.37571    ,  93.1759    ])
[ 2.37333437 93.17591072]
1582    , nan         , array([ 2.37333    ,  67.8196    ])
1584    , nan         , array([ 2.37333    ,  67.8874    ])
[ 2.37333437 67.81957231]
1586    , nan         , array([ 2.37571    ,  85.2012    ])
[ 2.37333437 85.20121665]
1588    , nan         , array([ 2.37333    ,  97.4838    ])
1590    , nan         , array([ 2.37333    ,  97.5814    ])
[ 2.37333437 97.48384938]
1592    , nan         , array([ 2.37571    ,  55.3035    ])
[ 2.37333437 55.30346037]
1594    , nan         , array([ 2.37333    ,  90.9415    ])
1596    , nan         , array([ 2.37333    ,  91.0325    ])
[ 2.37333437 90.94149094]
1598    , nan         , array([ 2.37571    ,  94.8221    ])
[ 2.37333437 94.82208706]
1600    , nan         , array([ 2.37333    ,  90.4276    ])
1602    , nan         , array([ 2.37333    ,  90.5181    ])
[ 2.37333437 90.4276242 ]
1604    , nan         , array([ 2.37571    ,  91.6908    ])
[ 2.37333437 91.6908272 ]
1606    , nan         , array([ 2.37333    ,  42.1348    ])
1608    , nan         , array([ 2.37333    ,  42.1769    ])
[ 2.37333437 42.13478431]
1610    , nan         , array([ 2.37571    ,  88.6284    ])
[ 2.37333437 88.62839944]
1612    , nan         , array([ 2.37333    ,  28.6917    ])
1614    , nan         , array([ 2.37333    ,  28.7204    ])
[ 2.37333437 28.69166505]
1616    , nan         , array([ 2.37571    ,  65.0244    ])
[ 2.37333437 65.02438548]
1618    , nan         , array([ 2.37333    ,  70.7649    ])
1620    , nan         , array([ 2.37333    ,  70.8357    ])
[ 2.37333437 70.76493878]
1622    , nan         , array([ 2.37571    ,  27.9612    ])
[ 2.37333437 27.96121134]
1624    , nan         , array([ 2.37333    ,  15.2369    ])
1626    , nan         , array([ 2.37333    ,  15.2521    ])
[ 2.37333437 15.23687878]
1628    , nan         , array([ 2.37571    ,  78.4106    ])
[ 2.37333437 78.41057467]
1630    , nan         , array([ 2.37333    ,  58.7638    ])
1632    , nan         , array([ 2.37333    ,  58.8226    ])
[ 2.37333437 58.76378869]
1634    , nan         , array([ 2.37571    ,  9.49675    ])
[2.37333437 9.4967505 ]
1636    , nan         , array([ 2.37333    ,  29.9203    ])
1638    , nan         , array([ 2.37333    ,  29.9502    ])
[ 2.37333437 29.92027826]
1640    , nan         , array([ 2.37571    ,  56.1681    ])
[ 2.37333437 56.16808025]
1642    , nan         , array([ 2.37333    ,  46.7367    ])
1644    , nan         , array([ 2.37333    ,  46.7835    ])
[ 2.37333437 46.7367318 ]
1646    , nan         , array([ 2.37571    ,  95.4055    ])
[ 2.37333437 95.40553318]
1648    , nan         , array([ 2.37333    ,  14.9235    ])
1650    , nan         , array([ 2.37333    ,  14.9384    ])
[ 2.37333437 14.92345623]
1652    , nan         , array([ 2.49545    ,  41.3351    ])
[ 2.49295698 41.33513391]
1654    , nan         , array([ 2.49296    ,  93.1759    ])
1656    , nan         , array([ 2.49296    ,  93.2691    ])
[ 2.49295698 93.17591072]
1658    , nan         , array([ 2.49545    ,  67.8196    ])
[ 2.49295698 67.81957231]
1660    , nan         , array([ 2.49296    ,  85.2012    ])
1662    , nan         , array([ 2.49296    ,  85.2865    ])
[ 2.49295698 85.20121665]
1664    , nan         , array([ 2.49545    ,  97.4838    ])
[ 2.49295698 97.48384938]
1666    , nan         , array([ 2.49296    ,  55.3035    ])
1668    , nan         , array([ 2.49296    ,  55.3588    ])
[ 2.49295698 55.30346037]
1670    , nan         , array([ 2.49545    ,  90.9415    ])
[ 2.49295698 90.94149094]
1672    , nan         , array([ 2.49296    ,  94.8221    ])
1674    , nan         , array([ 2.49296    ,  94.917     ])
[ 2.49295698 94.82208706]
1676    , nan         , array([ 2.49545    ,  90.4276    ])
[ 2.49295698 90.4276242 ]
1678    , nan         , array([ 2.49296    ,  91.6908    ])
1680    , nan         , array([ 2.49296    ,  91.7826    ])
[ 2.49295698 91.6908272 ]
1682    , nan         , array([ 2.49545    ,  42.1348    ])
[ 2.49295698 42.13478431]
1684    , nan         , array([ 2.49296    ,  88.6284    ])
1686    , nan         , array([ 2.49296    ,  88.7171    ])
[ 2.49295698 88.62839944]
1688    , nan         , array([ 2.49545    ,  28.6917    ])
[ 2.49295698 28.69166505]
1690    , nan         , array([ 2.49296    ,  65.0244    ])
1692    , nan         , array([ 2.49296    ,  65.0894    ])
[ 2.49295698 65.02438548]
1694    , nan         , array([ 2.49545    ,  70.7649    ])
[ 2.49295698 70.76493878]
1696    , nan         , array([ 2.49296    ,  27.9612    ])
1698    , nan         , array([ 2.49296    ,  27.9892    ])
[ 2.49295698 27.96121134]
1700    , nan         , array([ 2.49545    ,  15.2369    ])
[ 2.49295698 15.23687878]
1702    , nan         , array([ 2.49296    ,  78.4106    ])
1704    , nan         , array([ 2.49296    ,  78.489     ])
[ 2.49295698 78.41057467]
1706    , nan         , array([ 2.49545    ,  58.7638    ])
[ 2.49295698 58.76378869]
1708    , nan         , array([ 2.49296    ,  9.49675    ])
1710    , nan         , array([ 2.49296    ,  9.50625    ])
[2.49295698 9.4967505 ]
1712    , nan         , array([ 2.49545    ,  29.9203    ])
[ 2.49295698 29.92027826]
1714    , nan         , array([ 2.49296    ,  56.1681    ])
1716    , nan         , array([ 2.49296    ,  56.2243    ])
[ 2.49295698 56.16808025]
1718    , nan         , array([ 2.49545    ,  46.7367    ])
[ 2.49295698 46.7367318 ]
1720    , nan         , array([ 2.49296    ,  95.4055    ])
1722    , nan         , array([ 2.49296    ,  95.501     ])
[ 2.49295698 95.40553318]
1724    , nan         , array([ 2.49545    ,  14.9235    ])
[ 2.49295698 14.92345623]
1726    , nan         , array([ 3.21585    ,  41.3351    ])
1728    , nan         , array([ 3.21585    ,  41.3765    ])
[ 3.21585219 41.33513391]
1730    , nan         , array([ 3.21907    ,  93.1759    ])
[ 3.21585219 93.17591072]
1732    , nan         , array([ 3.21585    ,  67.8196    ])
1734    , nan         , array([ 3.21585    ,  67.8874    ])
[ 3.21585219 67.81957231]
1736    , nan         , array([ 3.21907    ,  85.2012    ])
[ 3.21585219 85.20121665]
1738    , nan         , array([ 3.21585    ,  97.4838    ])
1740    , nan         , array([ 3.21585    ,  97.5814    ])
[ 3.21585219 97.48384938]
1742    , nan         , array([ 3.21907    ,  55.3035    ])
[ 3.21585219 55.30346037]
1744    , nan         , array([ 3.21585    ,  90.9415    ])
1746    , nan         , array([ 3.21585    ,  91.0325    ])
[ 3.21585219 90.94149094]
1748    , nan         , array([ 3.21907    ,  94.8221    ])
[ 3.21585219 94.82208706]
1750    , nan         , array([ 3.21585    ,  90.4276    ])
1752    , nan         , array([ 3.21585    ,  90.5181    ])
[ 3.21585219 90.4276242 ]
1754    , nan         , array([ 3.21907    ,  91.6908    ])
[ 3.21585219 91.6908272 ]
1756    , nan         , array([ 3.21585    ,  42.1348    ])
1758    , nan         , array([ 3.21585    ,  42.1769    ])
[ 3.21585219 42.13478431]
1760    , nan         , array([ 3.21907    ,  88.6284    ])
[ 3.21585219 88.62839944]
1762    , nan         , array([ 3.21585    ,  28.6917    ])
1764    , nan         , array([ 3.21585    ,  28.7204    ])
[ 3.21585219 28.69166505]
1766    , nan         , array([ 3.21907    ,  65.0244    ])
[ 3.21585219 65.02438548]
1768    , nan         , array([ 3.21585    ,  70.7649    ])
1770    , nan         , array([ 3.21585    ,  70.8357    ])
[ 3.21585219 70.76493878]
1772    , nan         , array([ 3.21907    ,  27.9612    ])
[ 3.21585219 27.96121134]
1774    , nan         , array([ 3.21585    ,  15.2369    ])
1776    , nan         , array([ 3.21585    ,  15.2521    ])
[ 3.21585219 15.23687878]
1778    , nan         , array([ 3.21907    ,  78.4106    ])
[ 3.21585219 78.41057467]
1780    , nan         , array([ 3.21585    ,  58.7638    ])
1782    , nan         , array([ 3.21585    ,  58.8226    ])
[ 3.21585219 58.76378869]
1784    , nan         , array([ 3.21907    ,  9.49675    ])
[3.21585219 9.4967505 ]
1786    , nan         , array([ 3.21585    ,  29.9203    ])
1788    , nan         , array([ 3.21585    ,  29.9502    ])
[ 3.21585219 29.92027826]
1790    , nan         , array([ 3.21907    ,  56.1681    ])
[ 3.21585219 56.16808025]
1792    , nan         , array([ 3.21585    ,  46.7367    ])
1794    , nan         , array([ 3.21585    ,  46.7835    ])
[ 3.21585219 46.7367318 ]
1796    , nan         , array([ 3.21907    ,  95.4055    ])
[ 3.21585219 95.40553318]
1798    , nan         , array([ 3.21585    ,  14.9235    ])
1800    , nan         , array([ 3.21585    ,  14.9384    ])
[ 3.21585219 14.92345623]
1802    , nan         , array([ 1.5371     ,  41.3351    ])
[ 1.53556429 41.33513391]
1804    , nan         , array([ 1.53556    ,  93.1759    ])
1806    , nan         , array([ 1.53556    ,  93.2691    ])
[ 1.53556429 93.17591072]
1808    , nan         , array([ 1.5371     ,  67.8196    ])
[ 1.53556429 67.81957231]
1810    , nan         , array([ 1.53556    ,  85.2012    ])
1812    , nan         , array([ 1.53556    ,  85.2865    ])
[ 1.53556429 85.20121665]
1814    , nan         , array([ 1.5371     ,  97.4838    ])
[ 1.53556429 97.48384938]
1816    , nan         , array([ 1.53556    ,  55.3035    ])
1818    , nan         , array([ 1.53556    ,  55.3588    ])
[ 1.53556429 55.30346037]
1820    , nan         , array([ 1.5371     ,  90.9415    ])
[ 1.53556429 90.94149094]
1822    , nan         , array([ 1.53556    ,  94.8221    ])
1824    , nan         , array([ 1.53556    ,  94.917     ])
[ 1.53556429 94.82208706]
1826    , nan         , array([ 1.5371     ,  90.4276    ])
[ 1.53556429 90.4276242 ]
1828    , nan         , array([ 1.53556    ,  91.6908    ])
1830    , nan         , array([ 1.53556    ,  91.7826    ])
[ 1.53556429 91.6908272 ]
1832    , nan         , array([ 1.5371     ,  42.1348    ])
[ 1.53556429 42.13478431]
1834    , nan         , array([ 1.53556    ,  88.6284    ])
1836    , nan         , array([ 1.53556    ,  88.7171    ])
[ 1.53556429 88.62839944]
1838    , nan         , array([ 1.5371     ,  28.6917    ])
[ 1.53556429 28.69166505]
1840    , nan         , array([ 1.53556    ,  65.0244    ])
1842    , nan         , array([ 1.53556    ,  65.0894    ])
[ 1.53556429 65.02438548]
1844    , nan         , array([ 1.5371     ,  70.7649    ])
[ 1.53556429 70.76493878]
1846    , nan         , array([ 1.53556    ,  27.9612    ])
1848    , nan         , array([ 1.53556    ,  27.9892    ])
[ 1.53556429 27.96121134]
1850    , nan         , array([ 1.5371     ,  15.2369    ])
[ 1.53556429 15.23687878]
1852    , nan         , array([ 1.53556    ,  78.4106    ])
1854    , nan         , array([ 1.53556    ,  78.489     ])
[ 1.53556429 78.41057467]
1856    , nan         , array([ 1.5371     ,  58.7638    ])
[ 1.53556429 58.76378869]
1858    , nan         , array([ 1.53556    ,  9.49675    ])
1860    , nan         , array([ 1.53556    ,  9.50625    ])
[1.53556429 9.4967505 ]
1862    , nan         , array([ 1.5371     ,  29.9203    ])
[ 1.53556429 29.92027826]
1864    , nan         , array([ 1.53556    ,  56.1681    ])
1866    , nan         , array([ 1.53556    ,  56.2243    ])
[ 1.53556429 56.16808025]
1868    , nan         , array([ 1.5371     ,  46.7367    ])
[ 1.53556429 46.7367318 ]
1870    , nan         , array([ 1.53556    ,  95.4055    ])
1872    , nan         , array([ 1.53556    ,  95.501     ])
[ 1.53556429 95.40553318]
1874    , nan         , array([ 1.5371     ,  14.9235    ])
[ 1.53556429 14.92345623]
